Q8IV16	GO:0060230,GO:0035478,GO:0035473,GO:0140318,GO:0008289	0.435
Q9CWP4	GO:0005515	0.561
O43653	GO:0033130	0.729
O43653	GO:0033130	0.732
Q6UXB3	GO:0005515	0.697
Q9CWP4	GO:0005515	0.752
A0JNB3	GO:0033130,GO:0030550	0.482
A0A0R4IGV4	GO:0046982	1.275
Q9WU67	GO:0033130,GO:0030550	0.692
Q8BLC3	GO:0033130,GO:0030550	0.640
O95867	GO:0042802	0.727
Q16553	GO:0033130,GO:0030550	0.436
Q9Z0K7	GO:0005125,GO:0030549	0.856
Q90986	GO:0030550	0.731
Q66H42	GO:0033130,GO:0030550	0.709
Q14210	GO:0005515	0.480
Q9CWP4	GO:0005515	0.841
P35460	GO:0033130,GO:0030550	0.694
P57096	GO:0033130	0.639
Q90986	GO:0030550	0.736
P57096	GO:0033130	0.667
P35460	GO:0033130,GO:0030550	0.694
Q6UXB3	GO:0005515	0.628
Q6UXB3	GO:0005515	0.738
Q66H42	GO:0033130,GO:0030550	0.694
P27274	GO:0001848	0.785
Q90986	GO:0030550	0.667
Q66H42	GO:0033130,GO:0030550	0.735
Q66H42	GO:0033130,GO:0030550	0.729
Q90986	GO:0030550	0.603
Q6UXB3	GO:0005515	0.714
Q90986	GO:0030550	0.782
Q6UXB3	GO:0005515	0.556
Q66H42	GO:0033130,GO:0030550	0.801
Q6UXB3	GO:0005515	0.573
Q90986	GO:0030550	0.786
Q6UXB3	GO:0005515	0.684
Q6UXB3	GO:0005515	0.659
Q90986	GO:0030550	0.809
Q90986	GO:0030550	0.782
Q90986	GO:0030550	0.730
Q6UXB3	GO:0005515	0.623
Q90986	GO:0030550	0.476
Q90986	GO:0030550	0.619
Q90986	GO:0030550	0.711
Q90986	GO:0030550	0.550
Q90986	GO:0030550	0.615
Q90986	GO:0030550	0.613
Q90986	GO:0030550	0.668
Q90986	GO:0030550	0.668
Q90986	GO:0030550	0.757
Q90986	GO:0030550	0.555
Q66H42	GO:0033130,GO:0030550	0.817
Q90986	GO:0030550	0.569
Q90986	GO:0030550	0.613
Q90986	GO:0030550	0.543
Q90986	GO:0030550	0.583
Q90986	GO:0030550	0.710
Q90986	GO:0030550	0.759
Q90986	GO:0030550	0.627
Q90986	GO:0030550	0.599
Q90986	GO:0030550	0.758
Q90986	GO:0030550	0.777
P0CW02	GO:0033130,GO:0030550	0.715
Q6UXB3	GO:0005515	0.708
Q90986	GO:0030550	0.540
Q90986	GO:0030550	0.557
Q90986	GO:0030550	0.593
Q9WU67	GO:0033130,GO:0030550	0.674
Q90986	GO:0030550	0.762
P57096	GO:0033130	0.559
P57096	GO:0033130	0.685
Q9WU67	GO:0033130,GO:0030550	0.742
P57096	GO:0033130	0.777
Q90986	GO:0030550	0.684
P0CW03	GO:0033130,GO:0030550	0.732
P27274	GO:0001848	0.769
P35460	GO:0033130,GO:0030550	0.755
Q66H42	GO:0033130,GO:0030550	0.698
Q90986	GO:0030550	0.757
P35460	GO:0033130,GO:0030550	0.765
Q66H42	GO:0033130,GO:0030550	0.702
Q90986	GO:0030550	0.727
O43653	GO:0033130	0.320
Q6UXB3	GO:0005515	0.576
Q6UXB3	GO:0005515	0.577
P35460	GO:0033130,GO:0030550	0.897
P0CW02	GO:0033130,GO:0030550	0.712
Q90986	GO:0030550	0.704
Q6MG53	GO:0042802	1.262
P35460	GO:0033130,GO:0030550	0.762
P0DP60	GO:0008200,GO:0033130,GO:0030550	0.588
P0CW03	GO:0033130,GO:0030550	0.701
P0DP60	GO:0008200,GO:0033130,GO:0030550	0.697
P57096	GO:0033130	0.687
O55186	GO:0001848	0.733
P0DP58	GO:0033130,GO:0030550	0.565
Q63317	GO:0033130,GO:0030550	0.736
P0CW02	GO:0033130,GO:0030550	0.729
P0CW02	GO:0033130,GO:0030550	0.784
Q90986	GO:0030550	0.817
P0DP60	GO:0008200,GO:0033130,GO:0030550	0.535
P0CW03	GO:0033130,GO:0030550	0.664
P35460	GO:0033130,GO:0030550	0.961
P35460	GO:0033130,GO:0030550	0.707
P0CW03	GO:0033130,GO:0030550	0.798
P27274	GO:0001848	0.762
Q90986	GO:0030550	0.795
Q6UXB3	GO:0005515	0.726
P35460	GO:0033130,GO:0030550	0.868
Q8WXA2	GO:0005515,GO:0030548	0.920
P0C8F1	GO:0030548	0.935
Q9W7J5	GO:0090729,GO:0099106,GO:0030550	0.942
A8HDK6	GO:0090729,GO:0099106,GO:0030550	0.939
A8HDK6	GO:0090729,GO:0099106,GO:0030550	1.029
P0DP59	GO:0033130,GO:0030550	0.871
Q9Z0K7	GO:0005125,GO:0030549	0.874
P0DP59	GO:0033130,GO:0030550	0.861
Q9Z0K7	GO:0005125,GO:0030549	0.872
Q9XSV5	GO:0042802	0.871
Q8CHN2	GO:0042802	1.156
Q9W7J5	GO:0090729,GO:0099106,GO:0030550	0.898
P13495	GO:0090729,GO:0099106,GO:0030550	0.813
P83107	GO:0005518	0.954
Q8WXA2	GO:0005515,GO:0030548	0.911
P13495	GO:0090729,GO:0099106,GO:0030550	0.925
P13495	GO:0090729,GO:0099106,GO:0030550	0.691
P13495	GO:0090729,GO:0099106,GO:0030550	0.679
P13495	GO:0090729,GO:0099106,GO:0030550	0.693
P13495	GO:0090729,GO:0099106,GO:0030550	0.711
P13495	GO:0090729,GO:0099106,GO:0030550	0.862
P0DP59	GO:0033130,GO:0030550	0.902
P0C8F1	GO:0030548	0.810
P13495	GO:0090729,GO:0099106,GO:0030550	0.952
P0C8F1	GO:0030548	0.883
P0C8F1	GO:0030548	0.814
P0C8F1	GO:0030548	0.876
P0C8F1	GO:0030548	0.890
P13495	GO:0090729,GO:0099106,GO:0030550	0.937
P0C8F1	GO:0030548	0.901
P0C8F1	GO:0030548	0.919
P0C8F1	GO:0030548	0.933
P0C8F1	GO:0030548	0.912
P0C8F1	GO:0030548	0.919
P0C8F1	GO:0030548	0.943
P0C8F1	GO:0030548	0.920
P0C8F1	GO:0030548	0.932
P0C8F1	GO:0030548	0.900
P0C8F1	GO:0030548	0.903
P0C8F1	GO:0030548	0.892
P0C8F1	GO:0030548	0.894
P0C8F1	GO:0030548	0.904
P0C8F1	GO:0030548	0.902
P0C8F1	GO:0030548	0.792
P0C8F1	GO:0030548	0.878
P0C8F1	GO:0030548	0.996
P13495	GO:0090729,GO:0099106,GO:0030550	0.942
P13495	GO:0090729,GO:0099106,GO:0030550	0.737
P13495	GO:0090729,GO:0099106,GO:0030550	0.651
P0C8F1	GO:0030548	0.937
P0C8F1	GO:0030548	0.922
P0C8F1	GO:0030548	0.897
P0C8F1	GO:0030548	0.914
P0C8F1	GO:0030548	0.902
P13495	GO:0090729,GO:0099106,GO:0030550	0.678
P0C8F1	GO:0030548	0.850
P0C8F1	GO:0030548	0.917
P0C8F1	GO:0030548	0.867
P0C8F1	GO:0030548	0.865
P0C8F1	GO:0030548	0.926
P0C8F1	GO:0030548	0.853
P0C8F1	GO:0030548	0.868
P0C8F1	GO:0030548	0.849
P0C8F1	GO:0030548	0.833
P13495	GO:0090729,GO:0099106,GO:0030550	0.874
P0C8F1	GO:0030548	0.840
P0C8F1	GO:0030548	0.847
P0C8F1	GO:0030548	0.795
P0C8F1	GO:0030548	0.846
P0C8F1	GO:0030548	0.836
P0C8F1	GO:0030548	0.869
P0C8F1	GO:0030548	0.836
P13495	GO:0090729,GO:0099106,GO:0030550	0.701
P0CW03	GO:0033130,GO:0030550	0.791
Q9W7J5	GO:0090729,GO:0099106,GO:0030550	1.102
P13495	GO:0090729,GO:0099106,GO:0030550	0.576
P13495	GO:0090729,GO:0099106,GO:0030550	0.638
Q9W7J5	GO:0090729,GO:0099106,GO:0030550	0.883
Q8WXA2	GO:0005515,GO:0030548	1.098
P13495	GO:0090729,GO:0099106,GO:0030550	1.022
P0C8F1	GO:0030548	0.851
P0C8F1	GO:0030548	0.870
P0C8F1	GO:0030548	0.873
P0C8F1	GO:0030548	0.875
P0C8F1	GO:0030548	0.873
P13495	GO:0090729,GO:0099106,GO:0030550	0.844
P13495	GO:0090729,GO:0099106,GO:0030550	0.853
P0C8F1	GO:0030548	0.878
P0C8F1	GO:0030548	0.874
P0C8F1	GO:0030548	0.978
P13495	GO:0090729,GO:0099106,GO:0030550	1.031
P13495	GO:0090729,GO:0099106,GO:0030550	0.942
P13495	GO:0090729,GO:0099106,GO:0030550	0.938
P13495	GO:0090729,GO:0099106,GO:0030550	0.932
P13495	GO:0090729,GO:0099106,GO:0030550	0.572
P13495	GO:0090729,GO:0099106,GO:0030550	0.794
P13495	GO:0090729,GO:0099106,GO:0030550	0.427
P55000	GO:0005125,GO:0030549	0.732
P55000	GO:0005125,GO:0030549	0.836
P0C8F1	GO:0030548	0.873
P55000	GO:0005125,GO:0030549	0.829
P13495	GO:0090729,GO:0099106,GO:0030550	0.721
P55000	GO:0005125,GO:0030549	0.867
P55000	GO:0005125,GO:0030549	0.827
P13495	GO:0090729,GO:0099106,GO:0030550	0.857
P13495	GO:0090729,GO:0099106,GO:0030550	0.704
P13495	GO:0090729,GO:0099106,GO:0030550	0.624
P13495	GO:0090729,GO:0099106,GO:0030550	0.584
P13495	GO:0090729,GO:0099106,GO:0030550	0.949
P13495	GO:0090729,GO:0099106,GO:0030550	0.950
P13495	GO:0090729,GO:0099106,GO:0030550	0.698
P13495	GO:0090729,GO:0099106,GO:0030550	1.010
P0C8F1	GO:0030548	0.846
P0C8F1	GO:0030548	0.830
P0C8F1	GO:0030548	0.895
P13495	GO:0090729,GO:0099106,GO:0030550	0.837
P0C8F1	GO:0030548	0.872
P13495	GO:0090729,GO:0099106,GO:0030550	0.824
P0C8F1	GO:0030548	0.812
P0C8F1	GO:0030548	0.823
P0C8F1	GO:0030548	0.896
P13495	GO:0090729,GO:0099106,GO:0030550	0.849
P13495	GO:0090729,GO:0099106,GO:0030550	1.005
P13495	GO:0090729,GO:0099106,GO:0030550	0.844
P13495	GO:0090729,GO:0099106,GO:0030550	0.833
P13495	GO:0090729,GO:0099106,GO:0030550	0.837
P13495	GO:0090729,GO:0099106,GO:0030550	0.833
P13495	GO:0090729,GO:0099106,GO:0030550	0.858
P13495	GO:0090729,GO:0099106,GO:0030550	0.840
P13495	GO:0090729,GO:0099106,GO:0030550	0.843
P13495	GO:0090729,GO:0099106,GO:0030550	0.846
P13495	GO:0090729,GO:0099106,GO:0030550	0.915
P13495	GO:0090729,GO:0099106,GO:0030550	0.794
P13495	GO:0090729,GO:0099106,GO:0030550	0.756
P13495	GO:0090729,GO:0099106,GO:0030550	0.857
P13495	GO:0090729,GO:0099106,GO:0030550	0.844
P13495	GO:0090729,GO:0099106,GO:0030550	1.606
P13495	GO:0090729,GO:0099106,GO:0030550	0.804
P13495	GO:0090729,GO:0099106,GO:0030550	0.866
P13495	GO:0090729,GO:0099106,GO:0030550	0.866
P13495	GO:0090729,GO:0099106,GO:0030550	0.827
P13495	GO:0090729,GO:0099106,GO:0030550	0.848
P13495	GO:0090729,GO:0099106,GO:0030550	0.844
P13495	GO:0090729,GO:0099106,GO:0030550	0.791
P0DP57	GO:0033130,GO:0030550	0.794
P13495	GO:0090729,GO:0099106,GO:0030550	0.939
Q9Z0K7	GO:0005125,GO:0030549	0.996
P13495	GO:0090729,GO:0099106,GO:0030550	0.824
P13495	GO:0090729,GO:0099106,GO:0030550	0.875
P13495	GO:0090729,GO:0099106,GO:0030550	0.844
P13495	GO:0090729,GO:0099106,GO:0030550	0.792
P13495	GO:0090729,GO:0099106,GO:0030550	0.786
P13495	GO:0090729,GO:0099106,GO:0030550	0.797
P13495	GO:0090729,GO:0099106,GO:0030550	0.812
P13495	GO:0090729,GO:0099106,GO:0030550	0.824
P13495	GO:0090729,GO:0099106,GO:0030550	0.819
P13495	GO:0090729,GO:0099106,GO:0030550	0.828
P13495	GO:0090729,GO:0099106,GO:0030550	0.783
P13495	GO:0090729,GO:0099106,GO:0030550	0.814
P13495	GO:0090729,GO:0099106,GO:0030550	0.818
P13495	GO:0090729,GO:0099106,GO:0030550	0.817
P13495	GO:0090729,GO:0099106,GO:0030550	0.794
P13495	GO:0090729,GO:0099106,GO:0030550	0.846
P13495	GO:0090729,GO:0099106,GO:0030550	0.822
P13495	GO:0090729,GO:0099106,GO:0030550	0.821
P13495	GO:0090729,GO:0099106,GO:0030550	0.819
P13495	GO:0090729,GO:0099106,GO:0030550	0.831
P13495	GO:0090729,GO:0099106,GO:0030550	0.792
P13495	GO:0090729,GO:0099106,GO:0030550	0.810
P13495	GO:0090729,GO:0099106,GO:0030550	0.781
P13495	GO:0090729,GO:0099106,GO:0030550	0.792
P13495	GO:0090729,GO:0099106,GO:0030550	0.773
P13495	GO:0090729,GO:0099106,GO:0030550	0.820
P13495	GO:0090729,GO:0099106,GO:0030550	0.579
P13495	GO:0090729,GO:0099106,GO:0030550	0.769
P13495	GO:0090729,GO:0099106,GO:0030550	0.773
P13495	GO:0090729,GO:0099106,GO:0030550	0.702
P13495	GO:0090729,GO:0099106,GO:0030550	0.747
P13495	GO:0090729,GO:0099106,GO:0030550	0.784
P13495	GO:0090729,GO:0099106,GO:0030550	0.732
P13495	GO:0090729,GO:0099106,GO:0030550	0.749
P13495	GO:0090729,GO:0099106,GO:0030550	0.788
P13495	GO:0090729,GO:0099106,GO:0030550	0.818
P13495	GO:0090729,GO:0099106,GO:0030550	0.847
P13495	GO:0090729,GO:0099106,GO:0030550	0.725
P13495	GO:0090729,GO:0099106,GO:0030550	0.516
P13495	GO:0090729,GO:0099106,GO:0030550	0.600
P13495	GO:0090729,GO:0099106,GO:0030550	0.610
P13495	GO:0090729,GO:0099106,GO:0030550	0.572
P13495	GO:0090729,GO:0099106,GO:0030550	0.615
P0C8F1	GO:0030548	0.975
P0C8F1	GO:0030548	0.944
P13495	GO:0090729,GO:0099106,GO:0030550	0.850
P13495	GO:0090729,GO:0099106,GO:0030550	0.865
P13495	GO:0090729,GO:0099106,GO:0030550	0.856
P13495	GO:0090729,GO:0099106,GO:0030550	0.894
P13495	GO:0090729,GO:0099106,GO:0030550	0.906
P13495	GO:0090729,GO:0099106,GO:0030550	0.554
P13495	GO:0090729,GO:0099106,GO:0030550	0.465
P13495	GO:0090729,GO:0099106,GO:0030550	0.556
P13495	GO:0090729,GO:0099106,GO:0030550	0.542
P13495	GO:0090729,GO:0099106,GO:0030550	0.526
P13495	GO:0090729,GO:0099106,GO:0030550	0.512
P13495	GO:0090729,GO:0099106,GO:0030550	0.613
P13495	GO:0090729,GO:0099106,GO:0030550	0.511
P13495	GO:0090729,GO:0099106,GO:0030550	0.587
P13495	GO:0090729,GO:0099106,GO:0030550	0.455
P13495	GO:0090729,GO:0099106,GO:0030550	0.507
P13495	GO:0090729,GO:0099106,GO:0030550	0.554
P13495	GO:0090729,GO:0099106,GO:0030550	0.611
P13495	GO:0090729,GO:0099106,GO:0030550	0.886
P13495	GO:0090729,GO:0099106,GO:0030550	0.512
P13495	GO:0090729,GO:0099106,GO:0030550	0.471
P13495	GO:0090729,GO:0099106,GO:0030550	0.485
P13495	GO:0090729,GO:0099106,GO:0030550	0.836
P13495	GO:0090729,GO:0099106,GO:0030550	0.890
P0DP59	GO:0033130,GO:0030550	1.015
P13495	GO:0090729,GO:0099106,GO:0030550	0.898
P13495	GO:0090729,GO:0099106,GO:0030550	0.855
P13495	GO:0090729,GO:0099106,GO:0030550	0.851
P13495	GO:0090729,GO:0099106,GO:0030550	0.884
P13495	GO:0090729,GO:0099106,GO:0030550	0.856
P13495	GO:0090729,GO:0099106,GO:0030550	0.483
P13495	GO:0090729,GO:0099106,GO:0030550	0.458
P13495	GO:0090729,GO:0099106,GO:0030550	0.605
P13495	GO:0090729,GO:0099106,GO:0030550	0.587
P13495	GO:0090729,GO:0099106,GO:0030550	0.587
P13495	GO:0090729,GO:0099106,GO:0030550	0.564
P13495	GO:0090729,GO:0099106,GO:0030550	0.587
P13495	GO:0090729,GO:0099106,GO:0030550	0.519
P13495	GO:0090729,GO:0099106,GO:0030550	0.434
P13495	GO:0090729,GO:0099106,GO:0030550	0.430
P13495	GO:0090729,GO:0099106,GO:0030550	0.534
P13495	GO:0090729,GO:0099106,GO:0030550	0.551
P13495	GO:0090729,GO:0099106,GO:0030550	0.542
P13495	GO:0090729,GO:0099106,GO:0030550	0.443
P13495	GO:0090729,GO:0099106,GO:0030550	0.660
P13495	GO:0090729,GO:0099106,GO:0030550	0.683
P13495	GO:0090729,GO:0099106,GO:0030550	0.549
P13495	GO:0090729,GO:0099106,GO:0030550	0.465
P13495	GO:0090729,GO:0099106,GO:0030550	0.962
P13495	GO:0090729,GO:0099106,GO:0030550	0.637
P13495	GO:0090729,GO:0099106,GO:0030550	0.493
P13495	GO:0090729,GO:0099106,GO:0030550	0.444
P13495	GO:0090729,GO:0099106,GO:0030550	0.459
P13495	GO:0090729,GO:0099106,GO:0030550	0.678
P13495	GO:0090729,GO:0099106,GO:0030550	0.579
P13495	GO:0090729,GO:0099106,GO:0030550	0.927
P13495	GO:0090729,GO:0099106,GO:0030550	0.572
Q96LW7	GO:0050700	1.489
P13495	GO:0090729,GO:0099106,GO:0030550	0.407
P13495	GO:0090729,GO:0099106,GO:0030550	0.727
P13495	GO:0090729,GO:0099106,GO:0030550	0.763
P13495	GO:0090729,GO:0099106,GO:0030550	0.749
P13495	GO:0090729,GO:0099106,GO:0030550	0.703
P13495	GO:0090729,GO:0099106,GO:0030550	0.647
P13495	GO:0090729,GO:0099106,GO:0030550	0.535
P13495	GO:0090729,GO:0099106,GO:0030550	0.743
P13495	GO:0090729,GO:0099106,GO:0030550	0.757
P13495	GO:0090729,GO:0099106,GO:0030550	0.806
P13495	GO:0090729,GO:0099106,GO:0030550	0.569
P13495	GO:0090729,GO:0099106,GO:0030550	0.644
P13495	GO:0090729,GO:0099106,GO:0030550	0.524
P13495	GO:0090729,GO:0099106,GO:0030550	0.586
P13495	GO:0090729,GO:0099106,GO:0030550	0.647
P13495	GO:0090729,GO:0099106,GO:0030550	0.615
P13495	GO:0090729,GO:0099106,GO:0030550	0.600
P13495	GO:0090729,GO:0099106,GO:0030550	0.604
P13495	GO:0090729,GO:0099106,GO:0030550	0.597
P13495	GO:0090729,GO:0099106,GO:0030550	0.459
P13495	GO:0090729,GO:0099106,GO:0030550	0.643
P13495	GO:0090729,GO:0099106,GO:0030550	0.674
P13495	GO:0090729,GO:0099106,GO:0030550	0.560
P13495	GO:0090729,GO:0099106,GO:0030550	0.751
P13495	GO:0090729,GO:0099106,GO:0030550	0.571
P13495	GO:0090729,GO:0099106,GO:0030550	0.562
P13495	GO:0090729,GO:0099106,GO:0030550	0.614
P13495	GO:0090729,GO:0099106,GO:0030550	0.581
P13495	GO:0090729,GO:0099106,GO:0030550	0.570
P13495	GO:0090729,GO:0099106,GO:0030550	0.623
P13495	GO:0090729,GO:0099106,GO:0030550	0.409
P13495	GO:0090729,GO:0099106,GO:0030550	0.442
P13495	GO:0090729,GO:0099106,GO:0030550	0.424
P13495	GO:0090729,GO:0099106,GO:0030550	0.601
P13495	GO:0090729,GO:0099106,GO:0030550	0.553
P13495	GO:0090729,GO:0099106,GO:0030550	0.029
P13495	GO:0090729,GO:0099106,GO:0030550	0.578
P13495	GO:0090729,GO:0099106,GO:0030550	0.880
P13495	GO:0090729,GO:0099106,GO:0030550	0.824
P13495	GO:0090729,GO:0099106,GO:0030550	1.030
P13495	GO:0090729,GO:0099106,GO:0030550	0.649
P13495	GO:0090729,GO:0099106,GO:0030550	0.602
P13495	GO:0090729,GO:0099106,GO:0030550	0.600
P13495	GO:0090729,GO:0099106,GO:0030550	0.609
P13495	GO:0090729,GO:0099106,GO:0030550	0.499
P13495	GO:0090729,GO:0099106,GO:0030550	0.605
P13495	GO:0090729,GO:0099106,GO:0030550	0.540
Q6PJE2	GO:0032190	1.597
P13495	GO:0090729,GO:0099106,GO:0030550	0.985
P13495	GO:0090729,GO:0099106,GO:0030550	0.840
P13495	GO:0090729,GO:0099106,GO:0030550	0.744
P13495	GO:0090729,GO:0099106,GO:0030550	0.803
P13495	GO:0090729,GO:0099106,GO:0030550	0.844
P13495	GO:0090729,GO:0099106,GO:0030550	0.484
P13495	GO:0090729,GO:0099106,GO:0030550	0.702
P13495	GO:0090729,GO:0099106,GO:0030550	0.532
P13495	GO:0090729,GO:0099106,GO:0030550	0.455
P13495	GO:0090729,GO:0099106,GO:0030550	0.544
P13495	GO:0090729,GO:0099106,GO:0030550	0.499
P13495	GO:0090729,GO:0099106,GO:0030550	0.953
P13495	GO:0090729,GO:0099106,GO:0030550	0.855
P13495	GO:0090729,GO:0099106,GO:0030550	0.718
P13495	GO:0090729,GO:0099106,GO:0030550	0.687
P13495	GO:0090729,GO:0099106,GO:0030550	0.774
P13495	GO:0090729,GO:0099106,GO:0030550	0.725
P13495	GO:0090729,GO:0099106,GO:0030550	0.780
P13495	GO:0090729,GO:0099106,GO:0030550	0.773
P13495	GO:0090729,GO:0099106,GO:0030550	0.754
P13495	GO:0090729,GO:0099106,GO:0030550	0.721
P13495	GO:0090729,GO:0099106,GO:0030550	0.655
P13495	GO:0090729,GO:0099106,GO:0030550	0.607
P13495	GO:0090729,GO:0099106,GO:0030550	0.755
P13495	GO:0090729,GO:0099106,GO:0030550	0.755
P13495	GO:0090729,GO:0099106,GO:0030550	0.748
P13495	GO:0090729,GO:0099106,GO:0030550	0.762
P13495	GO:0090729,GO:0099106,GO:0030550	0.757
P13495	GO:0090729,GO:0099106,GO:0030550	0.814
P13495	GO:0090729,GO:0099106,GO:0030550	0.782
P13495	GO:0090729,GO:0099106,GO:0030550	0.817
P13495	GO:0090729,GO:0099106,GO:0030550	0.690
P13495	GO:0090729,GO:0099106,GO:0030550	0.691
P13495	GO:0090729,GO:0099106,GO:0030550	0.910
P13495	GO:0090729,GO:0099106,GO:0030550	0.808
P13495	GO:0090729,GO:0099106,GO:0030550	0.728
P13495	GO:0090729,GO:0099106,GO:0030550	0.739
P13495	GO:0090729,GO:0099106,GO:0030550	0.933
P13495	GO:0090729,GO:0099106,GO:0030550	0.822
P13495	GO:0090729,GO:0099106,GO:0030550	0.865
P13495	GO:0090729,GO:0099106,GO:0030550	0.770
P13495	GO:0090729,GO:0099106,GO:0030550	0.908
P13495	GO:0090729,GO:0099106,GO:0030550	0.830
P13495	GO:0090729,GO:0099106,GO:0030550	0.866
P13495	GO:0090729,GO:0099106,GO:0030550	0.787
P13495	GO:0090729,GO:0099106,GO:0030550	0.802
P13495	GO:0090729,GO:0099106,GO:0030550	0.747
P13495	GO:0090729,GO:0099106,GO:0030550	0.788
P13495	GO:0090729,GO:0099106,GO:0030550	0.833
P13495	GO:0090729,GO:0099106,GO:0030550	0.959
P13495	GO:0090729,GO:0099106,GO:0030550	1.083
P13495	GO:0090729,GO:0099106,GO:0030550	0.985
P13495	GO:0090729,GO:0099106,GO:0030550	1.036
P13495	GO:0090729,GO:0099106,GO:0030550	1.107
P13495	GO:0090729,GO:0099106,GO:0030550	0.949
P13495	GO:0090729,GO:0099106,GO:0030550	0.485
P13495	GO:0090729,GO:0099106,GO:0030550	0.618
P13495	GO:0090729,GO:0099106,GO:0030550	0.402
P13495	GO:0090729,GO:0099106,GO:0030550	0.580
P13495	GO:0090729,GO:0099106,GO:0030550	0.561
P13495	GO:0090729,GO:0099106,GO:0030550	0.566
P13495	GO:0090729,GO:0099106,GO:0030550	0.552
P13495	GO:0090729,GO:0099106,GO:0030550	0.498
P13495	GO:0090729,GO:0099106,GO:0030550	0.505
P13495	GO:0090729,GO:0099106,GO:0030550	0.543
P13495	GO:0090729,GO:0099106,GO:0030550	0.570
P13495	GO:0090729,GO:0099106,GO:0030550	0.526
P13495	GO:0090729,GO:0099106,GO:0030550	0.724
P13495	GO:0090729,GO:0099106,GO:0030550	0.761
P13495	GO:0090729,GO:0099106,GO:0030550	0.790
P13495	GO:0090729,GO:0099106,GO:0030550	0.873
P13495	GO:0090729,GO:0099106,GO:0030550	0.501
P13495	GO:0090729,GO:0099106,GO:0030550	0.562
P13495	GO:0090729,GO:0099106,GO:0030550	0.619
P13495	GO:0090729,GO:0099106,GO:0030550	0.650
P13495	GO:0090729,GO:0099106,GO:0030550	0.608
P13495	GO:0090729,GO:0099106,GO:0030550	0.577
P13495	GO:0090729,GO:0099106,GO:0030550	0.708
P13495	GO:0090729,GO:0099106,GO:0030550	0.848
P13495	GO:0090729,GO:0099106,GO:0030550	0.841
P13495	GO:0090729,GO:0099106,GO:0030550	0.918
P13495	GO:0090729,GO:0099106,GO:0030550	0.869
P13495	GO:0090729,GO:0099106,GO:0030550	1.009
P13495	GO:0090729,GO:0099106,GO:0030550	0.904
P13495	GO:0090729,GO:0099106,GO:0030550	1.118
P13495	GO:0090729,GO:0099106,GO:0030550	0.903
P13495	GO:0090729,GO:0099106,GO:0030550	0.876
P13495	GO:0090729,GO:0099106,GO:0030550	0.884
P13495	GO:0090729,GO:0099106,GO:0030550	0.798
P13495	GO:0090729,GO:0099106,GO:0030550	0.876
P13495	GO:0090729,GO:0099106,GO:0030550	0.919
P13495	GO:0090729,GO:0099106,GO:0030550	0.891
P13495	GO:0090729,GO:0099106,GO:0030550	0.904
P13495	GO:0090729,GO:0099106,GO:0030550	0.898
P13495	GO:0090729,GO:0099106,GO:0030550	0.792
P13495	GO:0090729,GO:0099106,GO:0030550	0.394
P13495	GO:0090729,GO:0099106,GO:0030550	0.506
P13495	GO:0090729,GO:0099106,GO:0030550	0.381
P13495	GO:0090729,GO:0099106,GO:0030550	0.367
P13495	GO:0090729,GO:0099106,GO:0030550	0.441
P13495	GO:0090729,GO:0099106,GO:0030550	0.720
P13495	GO:0090729,GO:0099106,GO:0030550	0.812
P13495	GO:0090729,GO:0099106,GO:0030550	0.778
P13495	GO:0090729,GO:0099106,GO:0030550	0.772
P13495	GO:0090729,GO:0099106,GO:0030550	0.828
P13495	GO:0090729,GO:0099106,GO:0030550	0.776
P13495	GO:0090729,GO:0099106,GO:0030550	0.817
P13495	GO:0090729,GO:0099106,GO:0030550	0.701
P13495	GO:0090729,GO:0099106,GO:0030550	0.677
P13495	GO:0090729,GO:0099106,GO:0030550	0.660
P13495	GO:0090729,GO:0099106,GO:0030550	0.754
P13495	GO:0090729,GO:0099106,GO:0030550	0.599
P13495	GO:0090729,GO:0099106,GO:0030550	0.627
P13495	GO:0090729,GO:0099106,GO:0030550	0.634
P13495	GO:0090729,GO:0099106,GO:0030550	0.682
P13495	GO:0090729,GO:0099106,GO:0030550	0.652
P13495	GO:0090729,GO:0099106,GO:0030550	0.629
P13495	GO:0090729,GO:0099106,GO:0030550	0.665
P13495	GO:0090729,GO:0099106,GO:0030550	0.559
P13495	GO:0090729,GO:0099106,GO:0030550	0.759
P13495	GO:0090729,GO:0099106,GO:0030550	0.757
P13495	GO:0090729,GO:0099106,GO:0030550	0.970
P13495	GO:0090729,GO:0099106,GO:0030550	0.775
P13495	GO:0090729,GO:0099106,GO:0030550	0.817
P13495	GO:0090729,GO:0099106,GO:0030550	0.760
P13495	GO:0090729,GO:0099106,GO:0030550	0.708
P13495	GO:0090729,GO:0099106,GO:0030550	0.646
P13495	GO:0090729,GO:0099106,GO:0030550	0.796
P13495	GO:0090729,GO:0099106,GO:0030550	0.668
P13495	GO:0090729,GO:0099106,GO:0030550	0.996
P13495	GO:0090729,GO:0099106,GO:0030550	0.992
P13495	GO:0090729,GO:0099106,GO:0030550	1.031
P13495	GO:0090729,GO:0099106,GO:0030550	0.715
P13495	GO:0090729,GO:0099106,GO:0030550	0.937
P13495	GO:0090729,GO:0099106,GO:0030550	1.047
P13495	GO:0090729,GO:0099106,GO:0030550	1.002
P13495	GO:0090729,GO:0099106,GO:0030550	0.711
P13495	GO:0090729,GO:0099106,GO:0030550	0.651
P13495	GO:0090729,GO:0099106,GO:0030550	0.721
P13495	GO:0090729,GO:0099106,GO:0030550	0.661
P13495	GO:0090729,GO:0099106,GO:0030550	0.658
P13495	GO:0090729,GO:0099106,GO:0030550	0.785
P13495	GO:0090729,GO:0099106,GO:0030550	0.598
P13495	GO:0090729,GO:0099106,GO:0030550	0.634
P13495	GO:0090729,GO:0099106,GO:0030550	0.725
P13495	GO:0090729,GO:0099106,GO:0030550	0.943
P13495	GO:0090729,GO:0099106,GO:0030550	0.661
P13495	GO:0090729,GO:0099106,GO:0030550	1.146
P13495	GO:0090729,GO:0099106,GO:0030550	0.677
P13495	GO:0090729,GO:0099106,GO:0030550	1.149
P13495	GO:0090729,GO:0099106,GO:0030550	0.793
P13495	GO:0090729,GO:0099106,GO:0030550	0.795
P13495	GO:0090729,GO:0099106,GO:0030550	0.906
P13495	GO:0090729,GO:0099106,GO:0030550	0.703
P13495	GO:0090729,GO:0099106,GO:0030550	0.907
P13495	GO:0090729,GO:0099106,GO:0030550	0.703
P13495	GO:0090729,GO:0099106,GO:0030550	0.946
P13495	GO:0090729,GO:0099106,GO:0030550	0.840
P13495	GO:0090729,GO:0099106,GO:0030550	0.664
P13495	GO:0090729,GO:0099106,GO:0030550	1.162
P13495	GO:0090729,GO:0099106,GO:0030550	0.742
P13495	GO:0090729,GO:0099106,GO:0030550	0.922
P13495	GO:0090729,GO:0099106,GO:0030550	0.867
P13495	GO:0090729,GO:0099106,GO:0030550	0.723
P13495	GO:0090729,GO:0099106,GO:0030550	0.808
P13495	GO:0090729,GO:0099106,GO:0030550	0.775
P13495	GO:0090729,GO:0099106,GO:0030550	0.879
P13495	GO:0090729,GO:0099106,GO:0030550	0.807
P13495	GO:0090729,GO:0099106,GO:0030550	0.797
P13495	GO:0090729,GO:0099106,GO:0030550	0.844
P13495	GO:0090729,GO:0099106,GO:0030550	0.862
P13495	GO:0090729,GO:0099106,GO:0030550	0.830
P13495	GO:0090729,GO:0099106,GO:0030550	0.878
P13495	GO:0090729,GO:0099106,GO:0030550	1.019
P13495	GO:0090729,GO:0099106,GO:0030550	1.049
P13495	GO:0090729,GO:0099106,GO:0030550	1.087
P13495	GO:0090729,GO:0099106,GO:0030550	0.731
P13495	GO:0090729,GO:0099106,GO:0030550	0.930
P13495	GO:0090729,GO:0099106,GO:0030550	0.782
P13495	GO:0090729,GO:0099106,GO:0030550	0.766
P13495	GO:0090729,GO:0099106,GO:0030550	0.757
P13495	GO:0090729,GO:0099106,GO:0030550	0.791
P13495	GO:0090729,GO:0099106,GO:0030550	0.770
P13495	GO:0090729,GO:0099106,GO:0030550	0.701
P13495	GO:0090729,GO:0099106,GO:0030550	0.481
P13495	GO:0090729,GO:0099106,GO:0030550	0.888
P13495	GO:0090729,GO:0099106,GO:0030550	0.761
P13495	GO:0090729,GO:0099106,GO:0030550	0.783
P13495	GO:0090729,GO:0099106,GO:0030550	0.803
P13495	GO:0090729,GO:0099106,GO:0030550	0.802
P13495	GO:0090729,GO:0099106,GO:0030550	0.908
P13495	GO:0090729,GO:0099106,GO:0030550	0.889
P13495	GO:0090729,GO:0099106,GO:0030550	0.870
P13495	GO:0090729,GO:0099106,GO:0030550	0.750
P13495	GO:0090729,GO:0099106,GO:0030550	0.734
P13495	GO:0090729,GO:0099106,GO:0030550	0.953
P13495	GO:0090729,GO:0099106,GO:0030550	0.743
P13495	GO:0090729,GO:0099106,GO:0030550	0.803
P13495	GO:0090729,GO:0099106,GO:0030550	0.951
P13495	GO:0090729,GO:0099106,GO:0030550	1.098
P13495	GO:0090729,GO:0099106,GO:0030550	0.667
P13495	GO:0090729,GO:0099106,GO:0030550	0.690
P13495	GO:0090729,GO:0099106,GO:0030550	0.868
P13495	GO:0090729,GO:0099106,GO:0030550	0.971
P13495	GO:0090729,GO:0099106,GO:0030550	0.901
P13495	GO:0090729,GO:0099106,GO:0030550	0.858
P13495	GO:0090729,GO:0099106,GO:0030550	0.913
P13495	GO:0090729,GO:0099106,GO:0030550	0.984
P13495	GO:0090729,GO:0099106,GO:0030550	0.782
P13495	GO:0090729,GO:0099106,GO:0030550	0.753
P13495	GO:0090729,GO:0099106,GO:0030550	0.760
P13495	GO:0090729,GO:0099106,GO:0030550	0.775
P13495	GO:0090729,GO:0099106,GO:0030550	0.774
P13495	GO:0090729,GO:0099106,GO:0030550	0.776
P13495	GO:0090729,GO:0099106,GO:0030550	0.837
P13495	GO:0090729,GO:0099106,GO:0030550	0.630
P13495	GO:0090729,GO:0099106,GO:0030550	0.951
P13495	GO:0090729,GO:0099106,GO:0030550	0.782
P13495	GO:0090729,GO:0099106,GO:0030550	0.758
P13495	GO:0090729,GO:0099106,GO:0030550	0.874
P13495	GO:0090729,GO:0099106,GO:0030550	0.796
P13495	GO:0090729,GO:0099106,GO:0030550	0.827
P13495	GO:0090729,GO:0099106,GO:0030550	1.336
P13495	GO:0090729,GO:0099106,GO:0030550	0.754
P13495	GO:0090729,GO:0099106,GO:0030550	0.807
P13495	GO:0090729,GO:0099106,GO:0030550	0.684
P13495	GO:0090729,GO:0099106,GO:0030550	0.720
P13495	GO:0090729,GO:0099106,GO:0030550	0.773
P13495	GO:0090729,GO:0099106,GO:0030550	0.773
P13495	GO:0090729,GO:0099106,GO:0030550	0.888
P13495	GO:0090729,GO:0099106,GO:0030550	0.750
P13495	GO:0090729,GO:0099106,GO:0030550	0.747
P13495	GO:0090729,GO:0099106,GO:0030550	0.789
P13495	GO:0090729,GO:0099106,GO:0030550	0.770
P13495	GO:0090729,GO:0099106,GO:0030550	0.796
P13495	GO:0090729,GO:0099106,GO:0030550	0.795
P13495	GO:0090729,GO:0099106,GO:0030550	0.772
P13495	GO:0090729,GO:0099106,GO:0030550	0.824
P13495	GO:0090729,GO:0099106,GO:0030550	0.758
P13495	GO:0090729,GO:0099106,GO:0030550	0.816
P13495	GO:0090729,GO:0099106,GO:0030550	0.825
P13495	GO:0090729,GO:0099106,GO:0030550	0.770
P13495	GO:0090729,GO:0099106,GO:0030550	0.778
P13495	GO:0090729,GO:0099106,GO:0030550	0.722
P13495	GO:0090729,GO:0099106,GO:0030550	0.763
P13495	GO:0090729,GO:0099106,GO:0030550	0.919
P13495	GO:0090729,GO:0099106,GO:0030550	0.726
P13495	GO:0090729,GO:0099106,GO:0030550	1.001
P13495	GO:0090729,GO:0099106,GO:0030550	1.049
P13495	GO:0090729,GO:0099106,GO:0030550	0.791
P13495	GO:0090729,GO:0099106,GO:0030550	0.762
P13495	GO:0090729,GO:0099106,GO:0030550	0.769
P13495	GO:0090729,GO:0099106,GO:0030550	0.814
P13495	GO:0090729,GO:0099106,GO:0030550	0.741
P13495	GO:0090729,GO:0099106,GO:0030550	0.791
P13495	GO:0090729,GO:0099106,GO:0030550	0.828
P13495	GO:0090729,GO:0099106,GO:0030550	0.768
P13495	GO:0090729,GO:0099106,GO:0030550	0.786
P13495	GO:0090729,GO:0099106,GO:0030550	0.770
P13495	GO:0090729,GO:0099106,GO:0030550	0.788
P13495	GO:0090729,GO:0099106,GO:0030550	0.905
P13495	GO:0090729,GO:0099106,GO:0030550	0.814
P13495	GO:0090729,GO:0099106,GO:0030550	0.752
P13495	GO:0090729,GO:0099106,GO:0030550	0.749
P13495	GO:0090729,GO:0099106,GO:0030550	0.893
P13495	GO:0090729,GO:0099106,GO:0030550	0.814
P13495	GO:0090729,GO:0099106,GO:0030550	0.795
P13495	GO:0090729,GO:0099106,GO:0030550	0.833
P13495	GO:0090729,GO:0099106,GO:0030550	0.810
P13495	GO:0090729,GO:0099106,GO:0030550	0.808
P13495	GO:0090729,GO:0099106,GO:0030550	0.750
P13495	GO:0090729,GO:0099106,GO:0030550	0.866
P13495	GO:0090729,GO:0099106,GO:0030550	0.824
P13495	GO:0090729,GO:0099106,GO:0030550	0.702
P13495	GO:0090729,GO:0099106,GO:0030550	0.837
P13495	GO:0090729,GO:0099106,GO:0030550	0.816
P13495	GO:0090729,GO:0099106,GO:0030550	0.822
P13495	GO:0090729,GO:0099106,GO:0030550	0.770
P13495	GO:0090729,GO:0099106,GO:0030550	0.785
P13495	GO:0090729,GO:0099106,GO:0030550	0.766
P13495	GO:0090729,GO:0099106,GO:0030550	0.833
P13495	GO:0090729,GO:0099106,GO:0030550	0.760
P13495	GO:0090729,GO:0099106,GO:0030550	0.856
P13495	GO:0090729,GO:0099106,GO:0030550	0.898
P13495	GO:0090729,GO:0099106,GO:0030550	0.844
P13495	GO:0090729,GO:0099106,GO:0030550	0.785
P13495	GO:0090729,GO:0099106,GO:0030550	0.781
P13495	GO:0090729,GO:0099106,GO:0030550	0.795
P13495	GO:0090729,GO:0099106,GO:0030550	1.195
P13495	GO:0090729,GO:0099106,GO:0030550	0.788
P13495	GO:0090729,GO:0099106,GO:0030550	0.972
P13495	GO:0090729,GO:0099106,GO:0030550	0.758
P13495	GO:0090729,GO:0099106,GO:0030550	0.811
P13495	GO:0090729,GO:0099106,GO:0030550	0.795
P13495	GO:0090729,GO:0099106,GO:0030550	0.780
P13495	GO:0090729,GO:0099106,GO:0030550	0.917
P13495	GO:0090729,GO:0099106,GO:0030550	0.708
P13495	GO:0090729,GO:0099106,GO:0030550	0.690
P13495	GO:0090729,GO:0099106,GO:0030550	0.872
P13495	GO:0090729,GO:0099106,GO:0030550	0.794
P13495	GO:0090729,GO:0099106,GO:0030550	0.854
P13495	GO:0090729,GO:0099106,GO:0030550	1.270
P13495	GO:0090729,GO:0099106,GO:0030550	0.875
P13495	GO:0090729,GO:0099106,GO:0030550	0.977
P13495	GO:0090729,GO:0099106,GO:0030550	0.743
P13495	GO:0090729,GO:0099106,GO:0030550	0.798
P13495	GO:0090729,GO:0099106,GO:0030550	0.721
P13495	GO:0090729,GO:0099106,GO:0030550	0.877
P13495	GO:0090729,GO:0099106,GO:0030550	0.782
P13495	GO:0090729,GO:0099106,GO:0030550	0.839
P13495	GO:0090729,GO:0099106,GO:0030550	0.992
P13495	GO:0090729,GO:0099106,GO:0030550	0.807
P13495	GO:0090729,GO:0099106,GO:0030550	0.799
P13495	GO:0090729,GO:0099106,GO:0030550	0.897
P13495	GO:0090729,GO:0099106,GO:0030550	0.869
P13495	GO:0090729,GO:0099106,GO:0030550	0.983
P13495	GO:0090729,GO:0099106,GO:0030550	0.827
P13495	GO:0090729,GO:0099106,GO:0030550	0.758
P13495	GO:0090729,GO:0099106,GO:0030550	0.822
P13495	GO:0090729,GO:0099106,GO:0030550	0.827
P13495	GO:0090729,GO:0099106,GO:0030550	0.962
P13495	GO:0090729,GO:0099106,GO:0030550	0.795
P13495	GO:0090729,GO:0099106,GO:0030550	0.835
P13495	GO:0090729,GO:0099106,GO:0030550	0.848
P13495	GO:0090729,GO:0099106,GO:0030550	0.801
P13495	GO:0090729,GO:0099106,GO:0030550	1.051
P13495	GO:0090729,GO:0099106,GO:0030550	0.771
P13495	GO:0090729,GO:0099106,GO:0030550	0.874
P13495	GO:0090729,GO:0099106,GO:0030550	0.838
P13495	GO:0090729,GO:0099106,GO:0030550	0.746
P13495	GO:0090729,GO:0099106,GO:0030550	0.729
P13495	GO:0090729,GO:0099106,GO:0030550	0.823
P13495	GO:0090729,GO:0099106,GO:0030550	0.779
P13495	GO:0090729,GO:0099106,GO:0030550	0.760
P13495	GO:0090729,GO:0099106,GO:0030550	0.760
P13495	GO:0090729,GO:0099106,GO:0030550	0.799
P13495	GO:0090729,GO:0099106,GO:0030550	0.725
P13495	GO:0090729,GO:0099106,GO:0030550	0.785
P13495	GO:0090729,GO:0099106,GO:0030550	0.708
P13495	GO:0090729,GO:0099106,GO:0030550	0.793
P13495	GO:0090729,GO:0099106,GO:0030550	0.862
P13495	GO:0090729,GO:0099106,GO:0030550	0.950
P13495	GO:0090729,GO:0099106,GO:0030550	0.785
P13495	GO:0090729,GO:0099106,GO:0030550	0.742
P13495	GO:0090729,GO:0099106,GO:0030550	0.720
P13495	GO:0090729,GO:0099106,GO:0030550	0.964
P13495	GO:0090729,GO:0099106,GO:0030550	0.963
P13495	GO:0090729,GO:0099106,GO:0030550	0.950
P13495	GO:0090729,GO:0099106,GO:0030550	0.895
P13495	GO:0090729,GO:0099106,GO:0030550	0.901
P13495	GO:0090729,GO:0099106,GO:0030550	0.927
P13495	GO:0090729,GO:0099106,GO:0030550	0.959
P13495	GO:0090729,GO:0099106,GO:0030550	0.786
P13495	GO:0090729,GO:0099106,GO:0030550	0.897
P13495	GO:0090729,GO:0099106,GO:0030550	0.771
P13495	GO:0090729,GO:0099106,GO:0030550	0.784
P13495	GO:0090729,GO:0099106,GO:0030550	0.952
P13495	GO:0090729,GO:0099106,GO:0030550	0.958
P13495	GO:0090729,GO:0099106,GO:0030550	1.029
P13495	GO:0090729,GO:0099106,GO:0030550	0.893
P13495	GO:0090729,GO:0099106,GO:0030550	0.867
P13495	GO:0090729,GO:0099106,GO:0030550	0.813
P13495	GO:0090729,GO:0099106,GO:0030550	0.816
P13495	GO:0090729,GO:0099106,GO:0030550	1.165
P13495	GO:0090729,GO:0099106,GO:0030550	0.859
P13495	GO:0090729,GO:0099106,GO:0030550	0.838
P13495	GO:0090729,GO:0099106,GO:0030550	0.867
P13495	GO:0090729,GO:0099106,GO:0030550	0.838
P13495	GO:0090729,GO:0099106,GO:0030550	0.958
P13495	GO:0090729,GO:0099106,GO:0030550	0.851
P13495	GO:0090729,GO:0099106,GO:0030550	0.855
P13495	GO:0090729,GO:0099106,GO:0030550	1.119
P13495	GO:0090729,GO:0099106,GO:0030550	0.791
P13495	GO:0090729,GO:0099106,GO:0030550	0.857
P13495	GO:0090729,GO:0099106,GO:0030550	0.984
P13495	GO:0090729,GO:0099106,GO:0030550	0.985
P13495	GO:0090729,GO:0099106,GO:0030550	0.907
P13495	GO:0090729,GO:0099106,GO:0030550	0.961
P13495	GO:0090729,GO:0099106,GO:0030550	1.054
P13495	GO:0090729,GO:0099106,GO:0030550	0.917
P13495	GO:0090729,GO:0099106,GO:0030550	0.959
P13495	GO:0090729,GO:0099106,GO:0030550	0.901
P13495	GO:0090729,GO:0099106,GO:0030550	0.991
P13495	GO:0090729,GO:0099106,GO:0030550	1.063
P13495	GO:0090729,GO:0099106,GO:0030550	0.854
P13495	GO:0090729,GO:0099106,GO:0030550	0.924
P13495	GO:0090729,GO:0099106,GO:0030550	0.940
P13495	GO:0090729,GO:0099106,GO:0030550	1.118
P13495	GO:0090729,GO:0099106,GO:0030550	0.959
P13495	GO:0090729,GO:0099106,GO:0030550	0.848
P13495	GO:0090729,GO:0099106,GO:0030550	0.860
P13495	GO:0090729,GO:0099106,GO:0030550	0.874
P13495	GO:0090729,GO:0099106,GO:0030550	0.870
P13495	GO:0090729,GO:0099106,GO:0030550	0.864
P13495	GO:0090729,GO:0099106,GO:0030550	0.871
P13495	GO:0090729,GO:0099106,GO:0030550	1.008
P13495	GO:0090729,GO:0099106,GO:0030550	0.872
P13495	GO:0090729,GO:0099106,GO:0030550	0.863
P13495	GO:0090729,GO:0099106,GO:0030550	0.841
P13495	GO:0090729,GO:0099106,GO:0030550	0.886
P13495	GO:0090729,GO:0099106,GO:0030550	0.878
P13495	GO:0090729,GO:0099106,GO:0030550	0.906
P13495	GO:0090729,GO:0099106,GO:0030550	0.865
P13495	GO:0090729,GO:0099106,GO:0030550	0.864
P13495	GO:0090729,GO:0099106,GO:0030550	0.902
P13495	GO:0090729,GO:0099106,GO:0030550	0.931
P13495	GO:0090729,GO:0099106,GO:0030550	0.976
P13495	GO:0090729,GO:0099106,GO:0030550	0.786
P13495	GO:0090729,GO:0099106,GO:0030550	0.719
P13495	GO:0090729,GO:0099106,GO:0030550	0.874
P13495	GO:0090729,GO:0099106,GO:0030550	0.857
P13495	GO:0090729,GO:0099106,GO:0030550	0.846
P13495	GO:0090729,GO:0099106,GO:0030550	0.840
P13495	GO:0090729,GO:0099106,GO:0030550	0.856
P13495	GO:0090729,GO:0099106,GO:0030550	0.832
P13495	GO:0090729,GO:0099106,GO:0030550	0.831
P13495	GO:0090729,GO:0099106,GO:0030550	0.811
P13495	GO:0090729,GO:0099106,GO:0030550	0.887
P13495	GO:0090729,GO:0099106,GO:0030550	0.820
P13495	GO:0090729,GO:0099106,GO:0030550	1.007
P13495	GO:0090729,GO:0099106,GO:0030550	0.750
P13495	GO:0090729,GO:0099106,GO:0030550	0.799
P13495	GO:0090729,GO:0099106,GO:0030550	0.809
P13495	GO:0090729,GO:0099106,GO:0030550	0.724
P13495	GO:0090729,GO:0099106,GO:0030550	0.748
P13495	GO:0090729,GO:0099106,GO:0030550	0.856
P13495	GO:0090729,GO:0099106,GO:0030550	0.964
P13495	GO:0090729,GO:0099106,GO:0030550	0.904
P13495	GO:0090729,GO:0099106,GO:0030550	0.895
P13495	GO:0090729,GO:0099106,GO:0030550	0.870
P13495	GO:0090729,GO:0099106,GO:0030550	1.118
P13495	GO:0090729,GO:0099106,GO:0030550	1.150
P13495	GO:0090729,GO:0099106,GO:0030550	0.829
P13495	GO:0090729,GO:0099106,GO:0030550	0.897
P13495	GO:0090729,GO:0099106,GO:0030550	0.877
P13495	GO:0090729,GO:0099106,GO:0030550	0.921
P13495	GO:0090729,GO:0099106,GO:0030550	0.928
P13495	GO:0090729,GO:0099106,GO:0030550	0.975
P13495	GO:0090729,GO:0099106,GO:0030550	0.804
P13495	GO:0090729,GO:0099106,GO:0030550	0.876
P13495	GO:0090729,GO:0099106,GO:0030550	0.846
P13495	GO:0090729,GO:0099106,GO:0030550	0.917
P13495	GO:0090729,GO:0099106,GO:0030550	0.943
P13495	GO:0090729,GO:0099106,GO:0030550	0.931
P13495	GO:0090729,GO:0099106,GO:0030550	0.949
P13495	GO:0090729,GO:0099106,GO:0030550	0.952
P13495	GO:0090729,GO:0099106,GO:0030550	0.929
P13495	GO:0090729,GO:0099106,GO:0030550	0.909
P13495	GO:0090729,GO:0099106,GO:0030550	0.932
P13495	GO:0090729,GO:0099106,GO:0030550	0.912
P13495	GO:0090729,GO:0099106,GO:0030550	0.922
P13495	GO:0090729,GO:0099106,GO:0030550	0.872
P13495	GO:0090729,GO:0099106,GO:0030550	0.885
P13495	GO:0090729,GO:0099106,GO:0030550	0.899
P13495	GO:0090729,GO:0099106,GO:0030550	0.916
P13495	GO:0090729,GO:0099106,GO:0030550	0.833
P13495	GO:0090729,GO:0099106,GO:0030550	0.803
P13495	GO:0090729,GO:0099106,GO:0030550	0.795
P13495	GO:0090729,GO:0099106,GO:0030550	0.885
P13495	GO:0090729,GO:0099106,GO:0030550	0.922
P13495	GO:0090729,GO:0099106,GO:0030550	0.805
P13495	GO:0090729,GO:0099106,GO:0030550	0.827
P13495	GO:0090729,GO:0099106,GO:0030550	0.868
P13495	GO:0090729,GO:0099106,GO:0030550	0.999
P13495	GO:0090729,GO:0099106,GO:0030550	0.868
P13495	GO:0090729,GO:0099106,GO:0030550	0.905
P13495	GO:0090729,GO:0099106,GO:0030550	0.830
P13495	GO:0090729,GO:0099106,GO:0030550	0.877
P13495	GO:0090729,GO:0099106,GO:0030550	0.921
P13495	GO:0090729,GO:0099106,GO:0030550	0.702
P13495	GO:0090729,GO:0099106,GO:0030550	0.798
P13495	GO:0090729,GO:0099106,GO:0030550	0.883
P13495	GO:0090729,GO:0099106,GO:0030550	0.967
P13495	GO:0090729,GO:0099106,GO:0030550	0.853
P13495	GO:0090729,GO:0099106,GO:0030550	0.879
P13495	GO:0090729,GO:0099106,GO:0030550	0.837
P13495	GO:0090729,GO:0099106,GO:0030550	0.921
P13495	GO:0090729,GO:0099106,GO:0030550	0.806
P13495	GO:0090729,GO:0099106,GO:0030550	0.912
P13495	GO:0090729,GO:0099106,GO:0030550	0.893
P13495	GO:0090729,GO:0099106,GO:0030550	0.878
P13495	GO:0090729,GO:0099106,GO:0030550	0.897
P13495	GO:0090729,GO:0099106,GO:0030550	0.925
P13495	GO:0090729,GO:0099106,GO:0030550	0.829
P13495	GO:0090729,GO:0099106,GO:0030550	0.930
P13495	GO:0090729,GO:0099106,GO:0030550	0.925
P13495	GO:0090729,GO:0099106,GO:0030550	0.996
P13495	GO:0090729,GO:0099106,GO:0030550	0.960
P13495	GO:0090729,GO:0099106,GO:0030550	0.928
P13495	GO:0090729,GO:0099106,GO:0030550	0.855
P13495	GO:0090729,GO:0099106,GO:0030550	0.868
P13495	GO:0090729,GO:0099106,GO:0030550	1.146
P13495	GO:0090729,GO:0099106,GO:0030550	1.101
P13495	GO:0090729,GO:0099106,GO:0030550	1.021
P13495	GO:0090729,GO:0099106,GO:0030550	1.067
P13495	GO:0090729,GO:0099106,GO:0030550	1.068
P13495	GO:0090729,GO:0099106,GO:0030550	1.051
P13495	GO:0090729,GO:0099106,GO:0030550	0.899
P13495	GO:0090729,GO:0099106,GO:0030550	1.089
P13495	GO:0090729,GO:0099106,GO:0030550	0.999
P13495	GO:0090729,GO:0099106,GO:0030550	1.000
P13495	GO:0090729,GO:0099106,GO:0030550	0.904
P13495	GO:0090729,GO:0099106,GO:0030550	0.987
P13495	GO:0090729,GO:0099106,GO:0030550	0.768
P13495	GO:0090729,GO:0099106,GO:0030550	1.062
P13495	GO:0090729,GO:0099106,GO:0030550	1.080
P13495	GO:0090729,GO:0099106,GO:0030550	0.864
P13495	GO:0090729,GO:0099106,GO:0030550	0.812
P13495	GO:0090729,GO:0099106,GO:0030550	0.913
P13495	GO:0090729,GO:0099106,GO:0030550	0.929
P13495	GO:0090729,GO:0099106,GO:0030550	0.992
P13495	GO:0090729,GO:0099106,GO:0030550	0.908
P13495	GO:0090729,GO:0099106,GO:0030550	0.900
P13495	GO:0090729,GO:0099106,GO:0030550	0.817
P13495	GO:0090729,GO:0099106,GO:0030550	0.801
P13495	GO:0090729,GO:0099106,GO:0030550	0.861
P13495	GO:0090729,GO:0099106,GO:0030550	1.022
P13495	GO:0090729,GO:0099106,GO:0030550	0.986
P13495	GO:0090729,GO:0099106,GO:0030550	0.999
P13495	GO:0090729,GO:0099106,GO:0030550	0.992
P13495	GO:0090729,GO:0099106,GO:0030550	0.979
P13495	GO:0090729,GO:0099106,GO:0030550	0.982
P13495	GO:0090729,GO:0099106,GO:0030550	1.026
P13495	GO:0090729,GO:0099106,GO:0030550	0.926
P13495	GO:0090729,GO:0099106,GO:0030550	0.944
P13495	GO:0090729,GO:0099106,GO:0030550	0.888
P13495	GO:0090729,GO:0099106,GO:0030550	0.806
P13495	GO:0090729,GO:0099106,GO:0030550	0.832
P13495	GO:0090729,GO:0099106,GO:0030550	0.982
P13495	GO:0090729,GO:0099106,GO:0030550	0.791
P13495	GO:0090729,GO:0099106,GO:0030550	0.943
P13495	GO:0090729,GO:0099106,GO:0030550	0.793
P13495	GO:0090729,GO:0099106,GO:0030550	0.902
P13495	GO:0090729,GO:0099106,GO:0030550	0.917
P13495	GO:0090729,GO:0099106,GO:0030550	0.883
P13495	GO:0090729,GO:0099106,GO:0030550	0.764
P13495	GO:0090729,GO:0099106,GO:0030550	0.864
P13495	GO:0090729,GO:0099106,GO:0030550	0.850
P13495	GO:0090729,GO:0099106,GO:0030550	0.892
P13495	GO:0090729,GO:0099106,GO:0030550	1.075
P13495	GO:0090729,GO:0099106,GO:0030550	0.868
P13495	GO:0090729,GO:0099106,GO:0030550	0.939
P13495	GO:0090729,GO:0099106,GO:0030550	0.952
P13495	GO:0090729,GO:0099106,GO:0030550	0.895
P13495	GO:0090729,GO:0099106,GO:0030550	0.928
P13495	GO:0090729,GO:0099106,GO:0030550	0.830
P13495	GO:0090729,GO:0099106,GO:0030550	0.908
P13495	GO:0090729,GO:0099106,GO:0030550	0.880
P13495	GO:0090729,GO:0099106,GO:0030550	0.925
P13495	GO:0090729,GO:0099106,GO:0030550	1.031
P13495	GO:0090729,GO:0099106,GO:0030550	1.040
P13495	GO:0090729,GO:0099106,GO:0030550	1.042
P13495	GO:0090729,GO:0099106,GO:0030550	1.120
P13495	GO:0090729,GO:0099106,GO:0030550	1.048
P13495	GO:0090729,GO:0099106,GO:0030550	1.222
P13495	GO:0090729,GO:0099106,GO:0030550	0.940
P13495	GO:0090729,GO:0099106,GO:0030550	1.039
P13495	GO:0090729,GO:0099106,GO:0030550	1.234
P13495	GO:0090729,GO:0099106,GO:0030550	1.241
P13495	GO:0090729,GO:0099106,GO:0030550	1.190
P13495	GO:0090729,GO:0099106,GO:0030550	0.886
P13495	GO:0090729,GO:0099106,GO:0030550	0.891
P13495	GO:0090729,GO:0099106,GO:0030550	0.995
P13495	GO:0090729,GO:0099106,GO:0030550	0.980
P13495	GO:0090729,GO:0099106,GO:0030550	0.918
P13495	GO:0090729,GO:0099106,GO:0030550	0.856
P13495	GO:0090729,GO:0099106,GO:0030550	0.843
P13495	GO:0090729,GO:0099106,GO:0030550	0.980
P13495	GO:0090729,GO:0099106,GO:0030550	0.981
P13495	GO:0090729,GO:0099106,GO:0030550	1.000
P13495	GO:0090729,GO:0099106,GO:0030550	0.973
P13495	GO:0090729,GO:0099106,GO:0030550	0.824
P13495	GO:0090729,GO:0099106,GO:0030550	0.939
P13495	GO:0090729,GO:0099106,GO:0030550	0.907
P13495	GO:0090729,GO:0099106,GO:0030550	0.970
P13495	GO:0090729,GO:0099106,GO:0030550	1.059
P13495	GO:0090729,GO:0099106,GO:0030550	1.165
P13495	GO:0090729,GO:0099106,GO:0030550	1.021
P13495	GO:0090729,GO:0099106,GO:0030550	1.015
P13495	GO:0090729,GO:0099106,GO:0030550	1.004
P13495	GO:0090729,GO:0099106,GO:0030550	1.052
P13495	GO:0090729,GO:0099106,GO:0030550	0.914
P13495	GO:0090729,GO:0099106,GO:0030550	0.932
P13495	GO:0090729,GO:0099106,GO:0030550	0.938
P13495	GO:0090729,GO:0099106,GO:0030550	0.979
P13495	GO:0090729,GO:0099106,GO:0030550	0.792
P13495	GO:0090729,GO:0099106,GO:0030550	0.935
P13495	GO:0090729,GO:0099106,GO:0030550	1.108
P13495	GO:0090729,GO:0099106,GO:0030550	0.927
P13495	GO:0090729,GO:0099106,GO:0030550	1.006
P13495	GO:0090729,GO:0099106,GO:0030550	1.137
P13495	GO:0090729,GO:0099106,GO:0030550	0.839
P13495	GO:0090729,GO:0099106,GO:0030550	0.827
P13495	GO:0090729,GO:0099106,GO:0030550	0.928
P13495	GO:0090729,GO:0099106,GO:0030550	0.806
P13495	GO:0090729,GO:0099106,GO:0030550	0.972
P13495	GO:0090729,GO:0099106,GO:0030550	0.935
P13495	GO:0090729,GO:0099106,GO:0030550	0.914
P13495	GO:0090729,GO:0099106,GO:0030550	1.001
P13495	GO:0090729,GO:0099106,GO:0030550	1.097
P13495	GO:0090729,GO:0099106,GO:0030550	0.922
P13495	GO:0090729,GO:0099106,GO:0030550	1.059
P13495	GO:0090729,GO:0099106,GO:0030550	0.917
P13495	GO:0090729,GO:0099106,GO:0030550	1.135
P13495	GO:0090729,GO:0099106,GO:0030550	1.001
P13495	GO:0090729,GO:0099106,GO:0030550	1.140
P13495	GO:0090729,GO:0099106,GO:0030550	0.891
P13495	GO:0090729,GO:0099106,GO:0030550	0.895
P13495	GO:0090729,GO:0099106,GO:0030550	0.975
P13495	GO:0090729,GO:0099106,GO:0030550	0.798
P13495	GO:0090729,GO:0099106,GO:0030550	0.938
P13495	GO:0090729,GO:0099106,GO:0030550	0.926
P13495	GO:0090729,GO:0099106,GO:0030550	0.902
P13495	GO:0090729,GO:0099106,GO:0030550	1.038
P13495	GO:0090729,GO:0099106,GO:0030550	1.112
P13495	GO:0090729,GO:0099106,GO:0030550	1.043
P13495	GO:0090729,GO:0099106,GO:0030550	0.838
P13495	GO:0090729,GO:0099106,GO:0030550	0.818
P13495	GO:0090729,GO:0099106,GO:0030550	0.833
P13495	GO:0090729,GO:0099106,GO:0030550	0.737
P13495	GO:0090729,GO:0099106,GO:0030550	0.783
P13495	GO:0090729,GO:0099106,GO:0030550	0.790
P13495	GO:0090729,GO:0099106,GO:0030550	0.928
P13495	GO:0090729,GO:0099106,GO:0030550	0.812
P13495	GO:0090729,GO:0099106,GO:0030550	0.854
P13495	GO:0090729,GO:0099106,GO:0030550	1.027
P13495	GO:0090729,GO:0099106,GO:0030550	0.834
P13495	GO:0090729,GO:0099106,GO:0030550	0.845
P13495	GO:0090729,GO:0099106,GO:0030550	1.013
P13495	GO:0090729,GO:0099106,GO:0030550	1.024
P13495	GO:0090729,GO:0099106,GO:0030550	0.964
P13495	GO:0090729,GO:0099106,GO:0030550	1.006
P13495	GO:0090729,GO:0099106,GO:0030550	1.026
P13495	GO:0090729,GO:0099106,GO:0030550	0.896
P13495	GO:0090729,GO:0099106,GO:0030550	0.954
P13495	GO:0090729,GO:0099106,GO:0030550	0.940
P13495	GO:0090729,GO:0099106,GO:0030550	0.848
P13495	GO:0090729,GO:0099106,GO:0030550	0.861
P13495	GO:0090729,GO:0099106,GO:0030550	0.908
P13495	GO:0090729,GO:0099106,GO:0030550	0.792
P13495	GO:0090729,GO:0099106,GO:0030550	1.295
P13495	GO:0090729,GO:0099106,GO:0030550	1.082
P13495	GO:0090729,GO:0099106,GO:0030550	0.810
P13495	GO:0090729,GO:0099106,GO:0030550	0.949
P13495	GO:0090729,GO:0099106,GO:0030550	0.886
P13495	GO:0090729,GO:0099106,GO:0030550	1.025
P13495	GO:0090729,GO:0099106,GO:0030550	0.884
P13495	GO:0090729,GO:0099106,GO:0030550	0.912
P13495	GO:0090729,GO:0099106,GO:0030550	0.773
P13495	GO:0090729,GO:0099106,GO:0030550	0.929
P13495	GO:0090729,GO:0099106,GO:0030550	0.840
P13495	GO:0090729,GO:0099106,GO:0030550	0.914
P13495	GO:0090729,GO:0099106,GO:0030550	0.962
P13495	GO:0090729,GO:0099106,GO:0030550	1.056
P13495	GO:0090729,GO:0099106,GO:0030550	1.084
P13495	GO:0090729,GO:0099106,GO:0030550	1.009
P13495	GO:0090729,GO:0099106,GO:0030550	1.029
P13495	GO:0090729,GO:0099106,GO:0030550	0.979
P13495	GO:0090729,GO:0099106,GO:0030550	0.968
P13495	GO:0090729,GO:0099106,GO:0030550	0.961
P13495	GO:0090729,GO:0099106,GO:0030550	1.022
P13495	GO:0090729,GO:0099106,GO:0030550	0.986
P13495	GO:0090729,GO:0099106,GO:0030550	1.042
P13495	GO:0090729,GO:0099106,GO:0030550	1.038
P13495	GO:0090729,GO:0099106,GO:0030550	0.922
P13495	GO:0090729,GO:0099106,GO:0030550	0.975
P13495	GO:0090729,GO:0099106,GO:0030550	0.955
P13495	GO:0090729,GO:0099106,GO:0030550	1.015
P13495	GO:0090729,GO:0099106,GO:0030550	0.876
P13495	GO:0090729,GO:0099106,GO:0030550	0.956
P13495	GO:0090729,GO:0099106,GO:0030550	0.936
P13495	GO:0090729,GO:0099106,GO:0030550	0.968
P13495	GO:0090729,GO:0099106,GO:0030550	1.006
P13495	GO:0090729,GO:0099106,GO:0030550	1.054
P13495	GO:0090729,GO:0099106,GO:0030550	1.027
P13495	GO:0090729,GO:0099106,GO:0030550	1.055
P13495	GO:0090729,GO:0099106,GO:0030550	1.033
P13495	GO:0090729,GO:0099106,GO:0030550	0.985
P13495	GO:0090729,GO:0099106,GO:0030550	1.002
P13495	GO:0090729,GO:0099106,GO:0030550	1.029
P13495	GO:0090729,GO:0099106,GO:0030550	0.960
P13495	GO:0090729,GO:0099106,GO:0030550	0.962
P13495	GO:0090729,GO:0099106,GO:0030550	1.058
P13495	GO:0090729,GO:0099106,GO:0030550	0.850
P13495	GO:0090729,GO:0099106,GO:0030550	0.887
P13495	GO:0090729,GO:0099106,GO:0030550	0.933
P13495	GO:0090729,GO:0099106,GO:0030550	0.944
P13495	GO:0090729,GO:0099106,GO:0030550	0.970
P13495	GO:0090729,GO:0099106,GO:0030550	0.872
P13495	GO:0090729,GO:0099106,GO:0030550	0.838
P13495	GO:0090729,GO:0099106,GO:0030550	0.841
P13495	GO:0090729,GO:0099106,GO:0030550	0.897
P13495	GO:0090729,GO:0099106,GO:0030550	0.980
P13495	GO:0090729,GO:0099106,GO:0030550	0.982
P13495	GO:0090729,GO:0099106,GO:0030550	0.935
P13495	GO:0090729,GO:0099106,GO:0030550	1.016
P13495	GO:0090729,GO:0099106,GO:0030550	0.909
P13495	GO:0090729,GO:0099106,GO:0030550	0.896
P13495	GO:0090729,GO:0099106,GO:0030550	0.919
P13495	GO:0090729,GO:0099106,GO:0030550	0.955
P13495	GO:0090729,GO:0099106,GO:0030550	0.952
P13495	GO:0090729,GO:0099106,GO:0030550	1.019
P13495	GO:0090729,GO:0099106,GO:0030550	0.951
P13495	GO:0090729,GO:0099106,GO:0030550	1.045
P13495	GO:0090729,GO:0099106,GO:0030550	1.140
P13495	GO:0090729,GO:0099106,GO:0030550	1.129
P13495	GO:0090729,GO:0099106,GO:0030550	1.178
P13495	GO:0090729,GO:0099106,GO:0030550	1.127
P13495	GO:0090729,GO:0099106,GO:0030550	1.212
P13495	GO:0090729,GO:0099106,GO:0030550	1.142
P13495	GO:0090729,GO:0099106,GO:0030550	1.177
P13495	GO:0090729,GO:0099106,GO:0030550	0.835
P13495	GO:0090729,GO:0099106,GO:0030550	1.064
P13495	GO:0090729,GO:0099106,GO:0030550	1.028
P13495	GO:0090729,GO:0099106,GO:0030550	1.182
P13495	GO:0090729,GO:0099106,GO:0030550	1.205
P13495	GO:0090729,GO:0099106,GO:0030550	1.124
P13495	GO:0090729,GO:0099106,GO:0030550	1.028
P13495	GO:0090729,GO:0099106,GO:0030550	1.236
P13495	GO:0090729,GO:0099106,GO:0030550	1.218
P13495	GO:0090729,GO:0099106,GO:0030550	1.318
P13495	GO:0090729,GO:0099106,GO:0030550	1.044
P13495	GO:0090729,GO:0099106,GO:0030550	1.197
P13495	GO:0090729,GO:0099106,GO:0030550	1.224
P13495	GO:0090729,GO:0099106,GO:0030550	1.136
P13495	GO:0090729,GO:0099106,GO:0030550	1.146
P13495	GO:0090729,GO:0099106,GO:0030550	1.120
P13495	GO:0090729,GO:0099106,GO:0030550	1.064
P13495	GO:0090729,GO:0099106,GO:0030550	1.117
P13495	GO:0090729,GO:0099106,GO:0030550	1.184
P13495	GO:0090729,GO:0099106,GO:0030550	1.162
P13495	GO:0090729,GO:0099106,GO:0030550	1.135
P13495	GO:0090729,GO:0099106,GO:0030550	1.199
P13495	GO:0090729,GO:0099106,GO:0030550	0.999
P13495	GO:0090729,GO:0099106,GO:0030550	1.077
P13495	GO:0090729,GO:0099106,GO:0030550	1.325
P13495	GO:0090729,GO:0099106,GO:0030550	1.013
P13495	GO:0090729,GO:0099106,GO:0030550	1.040
P13495	GO:0090729,GO:0099106,GO:0030550	1.040
P13495	GO:0090729,GO:0099106,GO:0030550	1.051
P13495	GO:0090729,GO:0099106,GO:0030550	1.228
P13495	GO:0090729,GO:0099106,GO:0030550	1.156
P13495	GO:0090729,GO:0099106,GO:0030550	1.021
P13495	GO:0090729,GO:0099106,GO:0030550	1.171
P13495	GO:0090729,GO:0099106,GO:0030550	1.252
P13495	GO:0090729,GO:0099106,GO:0030550	1.128
P13495	GO:0090729,GO:0099106,GO:0030550	1.178
P13495	GO:0090729,GO:0099106,GO:0030550	1.156
P13495	GO:0090729,GO:0099106,GO:0030550	1.144
P13495	GO:0090729,GO:0099106,GO:0030550	1.046
P13495	GO:0090729,GO:0099106,GO:0030550	1.076
P13495	GO:0090729,GO:0099106,GO:0030550	1.192
P13495	GO:0090729,GO:0099106,GO:0030550	0.938
P13495	GO:0090729,GO:0099106,GO:0030550	0.989
P13495	GO:0090729,GO:0099106,GO:0030550	1.045
P13495	GO:0090729,GO:0099106,GO:0030550	1.211
P13495	GO:0090729,GO:0099106,GO:0030550	0.987
P13495	GO:0090729,GO:0099106,GO:0030550	1.044
P13495	GO:0090729,GO:0099106,GO:0030550	0.967
P13495	GO:0090729,GO:0099106,GO:0030550	1.026
P13495	GO:0090729,GO:0099106,GO:0030550	0.967
P13495	GO:0090729,GO:0099106,GO:0030550	1.173
P13495	GO:0090729,GO:0099106,GO:0030550	1.171
P13495	GO:0090729,GO:0099106,GO:0030550	1.219
P13495	GO:0090729,GO:0099106,GO:0030550	0.769
P13495	GO:0090729,GO:0099106,GO:0030550	1.164
P13495	GO:0090729,GO:0099106,GO:0030550	0.939
P13495	GO:0090729,GO:0099106,GO:0030550	1.008
P13495	GO:0090729,GO:0099106,GO:0030550	0.987
P13495	GO:0090729,GO:0099106,GO:0030550	1.059
P13495	GO:0090729,GO:0099106,GO:0030550	1.170
P13495	GO:0090729,GO:0099106,GO:0030550	0.960
P13495	GO:0090729,GO:0099106,GO:0030550	1.103
P13495	GO:0090729,GO:0099106,GO:0030550	1.237
P13495	GO:0090729,GO:0099106,GO:0030550	1.102
P13495	GO:0090729,GO:0099106,GO:0030550	1.223
P13495	GO:0090729,GO:0099106,GO:0030550	1.219
P13495	GO:0090729,GO:0099106,GO:0030550	1.136
P13495	GO:0090729,GO:0099106,GO:0030550	1.190
P13495	GO:0090729,GO:0099106,GO:0030550	1.226
P13495	GO:0090729,GO:0099106,GO:0030550	1.195
P13495	GO:0090729,GO:0099106,GO:0030550	1.242
P13495	GO:0090729,GO:0099106,GO:0030550	1.201
P13495	GO:0090729,GO:0099106,GO:0030550	1.029
P13495	GO:0090729,GO:0099106,GO:0030550	1.044
P13495	GO:0090729,GO:0099106,GO:0030550	0.959
P13495	GO:0090729,GO:0099106,GO:0030550	1.001
P13495	GO:0090729,GO:0099106,GO:0030550	0.991
P13495	GO:0090729,GO:0099106,GO:0030550	0.980
P13495	GO:0090729,GO:0099106,GO:0030550	0.992
P13495	GO:0090729,GO:0099106,GO:0030550	0.958
P13495	GO:0090729,GO:0099106,GO:0030550	0.982
P13495	GO:0090729,GO:0099106,GO:0030550	0.955
P13495	GO:0090729,GO:0099106,GO:0030550	1.030
P13495	GO:0090729,GO:0099106,GO:0030550	1.066
P13495	GO:0090729,GO:0099106,GO:0030550	1.039
P13495	GO:0090729,GO:0099106,GO:0030550	0.767
P55000	GO:0005125,GO:0030549	1.322
P13495	GO:0090729,GO:0099106,GO:0030550	0.892
P13495	GO:0090729,GO:0099106,GO:0030550	1.008
P13495	GO:0090729,GO:0099106,GO:0030550	0.885
P13495	GO:0090729,GO:0099106,GO:0030550	0.915
P13495	GO:0090729,GO:0099106,GO:0030550	1.006
P13495	GO:0090729,GO:0099106,GO:0030550	0.938
P13495	GO:0090729,GO:0099106,GO:0030550	0.958
P13495	GO:0090729,GO:0099106,GO:0030550	0.940
P13495	GO:0090729,GO:0099106,GO:0030550	0.958
P13495	GO:0090729,GO:0099106,GO:0030550	0.808
P13495	GO:0090729,GO:0099106,GO:0030550	0.943
P13495	GO:0090729,GO:0099106,GO:0030550	0.928
P13495	GO:0090729,GO:0099106,GO:0030550	0.877
P13495	GO:0090729,GO:0099106,GO:0030550	0.931
P13495	GO:0090729,GO:0099106,GO:0030550	0.901
P13495	GO:0090729,GO:0099106,GO:0030550	0.910
P13495	GO:0090729,GO:0099106,GO:0030550	0.997
P13495	GO:0090729,GO:0099106,GO:0030550	1.365
P13495	GO:0090729,GO:0099106,GO:0030550	0.989
P13495	GO:0090729,GO:0099106,GO:0030550	1.025
P13495	GO:0090729,GO:0099106,GO:0030550	1.121
P13495	GO:0090729,GO:0099106,GO:0030550	1.049
P13495	GO:0090729,GO:0099106,GO:0030550	1.172
P13495	GO:0090729,GO:0099106,GO:0030550	1.314
P13495	GO:0090729,GO:0099106,GO:0030550	1.008
P13495	GO:0090729,GO:0099106,GO:0030550	1.014
P13495	GO:0090729,GO:0099106,GO:0030550	0.897
P13495	GO:0090729,GO:0099106,GO:0030550	0.891
P13495	GO:0090729,GO:0099106,GO:0030550	0.884
P13495	GO:0090729,GO:0099106,GO:0030550	0.920
P13495	GO:0090729,GO:0099106,GO:0030550	0.895
P13495	GO:0090729,GO:0099106,GO:0030550	0.891
P13495	GO:0090729,GO:0099106,GO:0030550	1.042
P13495	GO:0090729,GO:0099106,GO:0030550	0.902
P13495	GO:0090729,GO:0099106,GO:0030550	0.957
P13495	GO:0090729,GO:0099106,GO:0030550	0.953
P13495	GO:0090729,GO:0099106,GO:0030550	1.179
P13495	GO:0090729,GO:0099106,GO:0030550	1.136
P13495	GO:0090729,GO:0099106,GO:0030550	1.102
P13495	GO:0090729,GO:0099106,GO:0030550	0.991
P13495	GO:0090729,GO:0099106,GO:0030550	0.982
P13495	GO:0090729,GO:0099106,GO:0030550	1.146
P13495	GO:0090729,GO:0099106,GO:0030550	1.071
P13495	GO:0090729,GO:0099106,GO:0030550	0.980
P13495	GO:0090729,GO:0099106,GO:0030550	0.947
P13495	GO:0090729,GO:0099106,GO:0030550	0.911
P13495	GO:0090729,GO:0099106,GO:0030550	0.834
P13495	GO:0090729,GO:0099106,GO:0030550	0.903
P13495	GO:0090729,GO:0099106,GO:0030550	1.026
P13495	GO:0090729,GO:0099106,GO:0030550	0.861
P13495	GO:0090729,GO:0099106,GO:0030550	0.977
P13495	GO:0090729,GO:0099106,GO:0030550	1.012
P13495	GO:0090729,GO:0099106,GO:0030550	0.929
P13495	GO:0090729,GO:0099106,GO:0030550	0.770
P13495	GO:0090729,GO:0099106,GO:0030550	1.002
P13495	GO:0090729,GO:0099106,GO:0030550	1.105
P13495	GO:0090729,GO:0099106,GO:0030550	1.075
P13495	GO:0090729,GO:0099106,GO:0030550	1.080
P13495	GO:0090729,GO:0099106,GO:0030550	0.883
P13495	GO:0090729,GO:0099106,GO:0030550	0.941
P13495	GO:0090729,GO:0099106,GO:0030550	0.923
P13495	GO:0090729,GO:0099106,GO:0030550	0.902
P13495	GO:0090729,GO:0099106,GO:0030550	0.852
P13495	GO:0090729,GO:0099106,GO:0030550	0.938
P13495	GO:0090729,GO:0099106,GO:0030550	1.021
P13495	GO:0090729,GO:0099106,GO:0030550	0.917
P13495	GO:0090729,GO:0099106,GO:0030550	0.990
P13495	GO:0090729,GO:0099106,GO:0030550	0.954
P13495	GO:0090729,GO:0099106,GO:0030550	0.982
P13495	GO:0090729,GO:0099106,GO:0030550	0.994
P13495	GO:0090729,GO:0099106,GO:0030550	0.968
P13495	GO:0090729,GO:0099106,GO:0030550	0.999
P13495	GO:0090729,GO:0099106,GO:0030550	0.961
P13495	GO:0090729,GO:0099106,GO:0030550	0.986
P13495	GO:0090729,GO:0099106,GO:0030550	0.973
P13495	GO:0090729,GO:0099106,GO:0030550	0.879
P13495	GO:0090729,GO:0099106,GO:0030550	0.921
P13495	GO:0090729,GO:0099106,GO:0030550	1.146
P13495	GO:0090729,GO:0099106,GO:0030550	0.827
P13495	GO:0090729,GO:0099106,GO:0030550	0.828
P13495	GO:0090729,GO:0099106,GO:0030550	0.946
P13495	GO:0090729,GO:0099106,GO:0030550	0.967
P13495	GO:0090729,GO:0099106,GO:0030550	0.899
P13495	GO:0090729,GO:0099106,GO:0030550	0.806
P13495	GO:0090729,GO:0099106,GO:0030550	1.023
P13495	GO:0090729,GO:0099106,GO:0030550	0.989
P13495	GO:0090729,GO:0099106,GO:0030550	0.968
P13495	GO:0090729,GO:0099106,GO:0030550	0.975
P13495	GO:0090729,GO:0099106,GO:0030550	0.958
P13495	GO:0090729,GO:0099106,GO:0030550	0.946
P13495	GO:0090729,GO:0099106,GO:0030550	0.972
P13495	GO:0090729,GO:0099106,GO:0030550	0.989
P13495	GO:0090729,GO:0099106,GO:0030550	0.964
P13495	GO:0090729,GO:0099106,GO:0030550	0.941
P13495	GO:0090729,GO:0099106,GO:0030550	0.896
P13495	GO:0090729,GO:0099106,GO:0030550	0.918
P13495	GO:0090729,GO:0099106,GO:0030550	0.983
P13495	GO:0090729,GO:0099106,GO:0030550	0.979
P13495	GO:0090729,GO:0099106,GO:0030550	0.796
P13495	GO:0090729,GO:0099106,GO:0030550	0.941
P13495	GO:0090729,GO:0099106,GO:0030550	0.954
P13495	GO:0090729,GO:0099106,GO:0030550	0.916
P13495	GO:0090729,GO:0099106,GO:0030550	0.873
P13495	GO:0090729,GO:0099106,GO:0030550	0.859
P13495	GO:0090729,GO:0099106,GO:0030550	0.902
P13495	GO:0090729,GO:0099106,GO:0030550	0.991
P13495	GO:0090729,GO:0099106,GO:0030550	0.852
P13495	GO:0090729,GO:0099106,GO:0030550	1.124
P13495	GO:0090729,GO:0099106,GO:0030550	0.794
P13495	GO:0090729,GO:0099106,GO:0030550	0.748
P13495	GO:0090729,GO:0099106,GO:0030550	0.814
P13495	GO:0090729,GO:0099106,GO:0030550	0.822
P13495	GO:0090729,GO:0099106,GO:0030550	0.934
P13495	GO:0090729,GO:0099106,GO:0030550	0.824
P13495	GO:0090729,GO:0099106,GO:0030550	0.823
P13495	GO:0090729,GO:0099106,GO:0030550	0.817
P13495	GO:0090729,GO:0099106,GO:0030550	0.790
P13495	GO:0090729,GO:0099106,GO:0030550	0.929
P13495	GO:0090729,GO:0099106,GO:0030550	0.841
P13495	GO:0090729,GO:0099106,GO:0030550	1.009
P13495	GO:0090729,GO:0099106,GO:0030550	0.980
P13495	GO:0090729,GO:0099106,GO:0030550	0.991
P13495	GO:0090729,GO:0099106,GO:0030550	1.010
P13495	GO:0090729,GO:0099106,GO:0030550	0.982
P13495	GO:0090729,GO:0099106,GO:0030550	1.019
P13495	GO:0090729,GO:0099106,GO:0030550	1.096
P13495	GO:0090729,GO:0099106,GO:0030550	0.961
P13495	GO:0090729,GO:0099106,GO:0030550	0.998
P13495	GO:0090729,GO:0099106,GO:0030550	0.941
P13495	GO:0090729,GO:0099106,GO:0030550	0.933
P13495	GO:0090729,GO:0099106,GO:0030550	0.891
P13495	GO:0090729,GO:0099106,GO:0030550	0.997
P13495	GO:0090729,GO:0099106,GO:0030550	0.931
P13495	GO:0090729,GO:0099106,GO:0030550	0.894
P13495	GO:0090729,GO:0099106,GO:0030550	0.824
P13495	GO:0090729,GO:0099106,GO:0030550	1.034
P13495	GO:0090729,GO:0099106,GO:0030550	1.075
P13495	GO:0090729,GO:0099106,GO:0030550	1.233
P13495	GO:0090729,GO:0099106,GO:0030550	0.914
P13495	GO:0090729,GO:0099106,GO:0030550	0.896
P13495	GO:0090729,GO:0099106,GO:0030550	0.847
P13495	GO:0090729,GO:0099106,GO:0030550	0.838
P13495	GO:0090729,GO:0099106,GO:0030550	0.894
P13495	GO:0090729,GO:0099106,GO:0030550	0.859
P13495	GO:0090729,GO:0099106,GO:0030550	0.827
P13495	GO:0090729,GO:0099106,GO:0030550	1.000
P13495	GO:0090729,GO:0099106,GO:0030550	0.979
P13495	GO:0090729,GO:0099106,GO:0030550	1.178
P13495	GO:0090729,GO:0099106,GO:0030550	1.056
P13495	GO:0090729,GO:0099106,GO:0030550	0.945
P13495	GO:0090729,GO:0099106,GO:0030550	0.884
P13495	GO:0090729,GO:0099106,GO:0030550	0.931
P13495	GO:0090729,GO:0099106,GO:0030550	1.206
P13495	GO:0090729,GO:0099106,GO:0030550	0.972
P13495	GO:0090729,GO:0099106,GO:0030550	0.957
P13495	GO:0090729,GO:0099106,GO:0030550	0.902
P13495	GO:0090729,GO:0099106,GO:0030550	1.143
P13495	GO:0090729,GO:0099106,GO:0030550	0.787
P13495	GO:0090729,GO:0099106,GO:0030550	0.906
P13495	GO:0090729,GO:0099106,GO:0030550	0.919
P13495	GO:0090729,GO:0099106,GO:0030550	0.929
P13495	GO:0090729,GO:0099106,GO:0030550	0.822
P13495	GO:0090729,GO:0099106,GO:0030550	0.889
P13495	GO:0090729,GO:0099106,GO:0030550	0.824
P13495	GO:0090729,GO:0099106,GO:0030550	0.761
P13495	GO:0090729,GO:0099106,GO:0030550	0.862
P13495	GO:0090729,GO:0099106,GO:0030550	1.088
P13495	GO:0090729,GO:0099106,GO:0030550	1.094
P13495	GO:0090729,GO:0099106,GO:0030550	0.851
P13495	GO:0090729,GO:0099106,GO:0030550	0.995
P13495	GO:0090729,GO:0099106,GO:0030550	1.008
P13495	GO:0090729,GO:0099106,GO:0030550	1.030
P13495	GO:0090729,GO:0099106,GO:0030550	1.001
P13495	GO:0090729,GO:0099106,GO:0030550	0.968
P13495	GO:0090729,GO:0099106,GO:0030550	0.985
P13495	GO:0090729,GO:0099106,GO:0030550	1.052
P13495	GO:0090729,GO:0099106,GO:0030550	0.999
P13495	GO:0090729,GO:0099106,GO:0030550	0.962
P13495	GO:0090729,GO:0099106,GO:0030550	0.938
P13495	GO:0090729,GO:0099106,GO:0030550	1.021
P13495	GO:0090729,GO:0099106,GO:0030550	0.940
P13495	GO:0090729,GO:0099106,GO:0030550	0.850
P13495	GO:0090729,GO:0099106,GO:0030550	0.842
P13495	GO:0090729,GO:0099106,GO:0030550	0.933
P13495	GO:0090729,GO:0099106,GO:0030550	1.036
P13495	GO:0090729,GO:0099106,GO:0030550	0.977
P13495	GO:0090729,GO:0099106,GO:0030550	1.064
P13495	GO:0090729,GO:0099106,GO:0030550	0.971
P13495	GO:0090729,GO:0099106,GO:0030550	1.142
P13495	GO:0090729,GO:0099106,GO:0030550	1.043
P13495	GO:0090729,GO:0099106,GO:0030550	1.022
P13495	GO:0090729,GO:0099106,GO:0030550	1.066
P13495	GO:0090729,GO:0099106,GO:0030550	0.898
P13495	GO:0090729,GO:0099106,GO:0030550	1.007
P13495	GO:0090729,GO:0099106,GO:0030550	0.868
P13495	GO:0090729,GO:0099106,GO:0030550	1.101
P13495	GO:0090729,GO:0099106,GO:0030550	0.967
P13495	GO:0090729,GO:0099106,GO:0030550	1.063
P13495	GO:0090729,GO:0099106,GO:0030550	0.884
P13495	GO:0090729,GO:0099106,GO:0030550	0.898
P13495	GO:0090729,GO:0099106,GO:0030550	1.014
P13495	GO:0090729,GO:0099106,GO:0030550	1.002
P13495	GO:0090729,GO:0099106,GO:0030550	0.929
P13495	GO:0090729,GO:0099106,GO:0030550	1.041
P13495	GO:0090729,GO:0099106,GO:0030550	1.021
P13495	GO:0090729,GO:0099106,GO:0030550	0.994
P13495	GO:0090729,GO:0099106,GO:0030550	1.040
P13495	GO:0090729,GO:0099106,GO:0030550	1.094
P13495	GO:0090729,GO:0099106,GO:0030550	1.168
P13495	GO:0090729,GO:0099106,GO:0030550	1.205
P13495	GO:0090729,GO:0099106,GO:0030550	0.983
P13495	GO:0090729,GO:0099106,GO:0030550	1.143
P13495	GO:0090729,GO:0099106,GO:0030550	1.131
P13495	GO:0090729,GO:0099106,GO:0030550	1.159
B1AUF7	GO:0046935,GO:0001784	1.610