gb,gi,sp,dbj,no_uniprot,tr,gnl,gpp,ref,emb
A1IVR7,332319762,A1IVR7,,,,,,,
A1IVR8,332319760,A1IVR8,,,,,,,
A1IVR9,332319761,A1IVR9,,,,,,,
A8S6A8,254772667,A8S6A8,,,,,,,
A8S6B0,254772671,A8S6B0,,,,,,,
AAL87469,29465644,O42257,,,,,,,
AB015513,3551477,P01379,AB015513,,,,,,
AB017947,4519845,P10455,AB017947,,,,,,
AB017957,4519865,Q9YGW8,AB017957,,,,,,
AB017965,4519881,,AB017965,,,,,,
AB098530,32140568,Q7T2I5,AB098530,,,,,,
AB098533,32140573,Q7T2I3,AB098533,,,,,,
AB778566,527102719,,AB778566,,S6CB76,,,,
AB851958,547223048,,AB851958,,U3T794,,,,
ABW24175,158262796,A8S6A8,,,,,,,
ABX58151,161138370,B2BRQ5,,,,,,,
ABX58152,161138372,B2BRQ6,,,,,,,
ABX58154,161138376,,,,B2BRQ8,,,,
ABX58155,161138378,,,,B2BRQ9,,,,
ABX58156,161138380,,,,B2BRR0,,,,
ABX58157,161138382,,,,B2BRR1,,,,
ABX58158,161138384,,,,B2BRR2,,,,
ABX58159,161138386,,,,B2BRR3,,,,
ABX58160,161138388,,,,B2BRR4,,,,
ABX58161,161138390,,,,B2BRR5,,,,
ABX58162,161138392,,,,B2BRR6,,,,
ABX58163,161138394,,,,B2BRR7,,,,
ABX58164,161138396,,,,B2BRR8,,,,
ABX58167,161138402,,,,B2BRS1,,,,
ACR78476,238928314,,,,F8J2D6,,,,
ACR78477,238928316,F8J2D7,,,,,,,
ACR78478,238928318,,,,F8J2D8,,,,
ACR78479,238928320,,,,F8J2D9,,,,
ACR78480,238928322,,,,F8J2E0,,,,
ACR78481,238928324,F8J2E1,,,,,,,
ACR78482,238928326,F8J2E2,,,,,,,
ACR78483,238928328,,,,F8J2E3,,,,
ACR78484,238928330,F8J2F2,,,,,,,
ACR78485,238928332,F8J2E5,,,,,,,
ACR78486,238928334,F8J2E6,,,,,,,
ACR78487,238928336,,,,F8J2E7,,,,
ACR78488,238928338,,,,F8J2E8,,,,
ACR78489,238928340,,,,F8J2E9,,,,
ACR78490,238928342,,,,F8J2F0,,,,
ACR78491,238928344,,,,F8J2F1,,,,
ACR78492,238928346,F8J2F2,,,,,,,
ACS74994,241995599,,,,C6JUP0,,,,
ACS74999,241995609,,,,C6JUP5,,,,
AF026893,2645540,O42257,,,,,,,
AF082975,5230698,Q9W7K2,,,,,,,
AF082980,5230709,Q9W7J7,,,,,,,
AF082981,5230711,Q9W7J6,,,,,,,
AF082982,5230713,Q9W7J5,,,,,,,
AF142323,5305769,P60616,,,,,,,
AF159537,18000260,Q8UW29,,,,,,,
AF159538,18000262,Q8UW28,,,,,,,
AHZ08823,630870197,,,,A0A024AXD8,,,,
AHZ08824,630870218,,,,A0A024AXY1,,,,
AHZ08825,630870237,,,,A0A024AXH2,,,,
AKM28629,833662028,,,,A0A0G3YLL2,,,,
AKN63196,852380472,,,,A0A0H4BEF7,,,,
AKN63201,852380493,,,,A0A0H4BEG1,,,,
AKO63251,859131791,,,,A0A0H4IRB3,,,,
AY057874,24459177,Q7T3J2,,,,,,,
AY596926,51105368,P82662,,,,,,,
AY596927,51105370,Q53B59,,,,,,,
AY596928,51105372,Q53B58,,,,,,,
AY596929,51105374,Q53B57,,,,,,,
AY596930,51105376,Q53B56,,,,,,,
AY596932,51105380,Q53B54,,,,,,,
AY596933,51105382,Q53B53,,,,,,,
AY742210,54306411,Q5UFR8,,,,,,,
CM019150,1783282179,,,,,WGS:SOZL,,,
CM019151,1783282178,,,,,WGS:SOZL,,,
DQ085855,71066801,Q45Z11,,,,,,,
DQ273567,82570072,Q2VBP8,,,,,,,
DQ273568,82570074,P82662,,,,,,,
DQ273569,82570076,Q2VBP6,,,,,,,
DQ273570,82570078,Q2VBP5,,,,,,,
DQ273571,82570080,Q2VBP4,,,,,,,
DQ273572,82570082,Q2VBP3,,,,,,,
DQ366293,110264418,Q06ZW0,,,,,,,
DQ464281,109255011,,,,A5X2W6,,,,
DQ464282,109255013,,,,A5X2W7,,,,
DQ464283,109255015,A5X2W8,,,,,,,
DQ464284,109255017,,,,A5X2W9,,,,
DQ508407,110456105,P0C552,,,,,,,
DQ508408,110456106,P0C553,,,,,,,
DQ508409,110456110,P0C554,,,,,,,
DQ508410,110456111,P0C555,,,,,,,
DQ835582,113203522,A2CKF6,,,,,,,
DQ902574,117606603,A8N285,,,,,,,
DQ917499,118151675,A8HDJ4,,,,,,,
DQ917500,118151677,A8HDJ5,,,,,,,
DQ917503,118151683,A8HDJ8,,,,,,,
DQ917504,118151685,A8HDJ9,,,,,,,
DQ917507,118151691,A8HDK2,,,,,,,
DQ917508,118151693,P01384,,,,,,,
DQ917509,118151695,A8HDK4,,,,,,,
DQ917510,118151697,P14612,,,,,,,
DQ917512,118151701,A8HDK7,,,,,,,
DQ917513,118151703,A8HDK8,,,,,,,
DQ917515,118151707,A6MFK4,,,,,,,
DQ917517,118151711,A6MFK6,,,,,,,
DY587910,134768962,,,,,dbEST,,,
EF405870,125744594,P68416,,,,,,,
EF405871,125744596,A3FM53,,,,,,,
EF599317,158262793,A8S6A4,,,,,,,
EF599319,158262797,A8S6B0,,,,,,,
EU003085,161138369,B2BRQ5,,,,,,,
EU003086,161138371,B2BRQ6,,,,,,,
EU003087,161138373,,,,B2BRQ7,,,,
EU003092,161138383,,,,B2BRR2,,,,
EU003101,161138401,,,,B2BRS1,,,,
EU029669,156485215,A7X3M3,,,,,,,
EU029670,156485217,A7X3M9,,,,,,,
EU029671,156485219,,,,A7X3N6,,,,
EU029672,156485221,,,,A7X3P2,,,,
EU029673,156485223,,,,A7X3P8,,,,
EU029674,156485225,,,,A7X3Q4,,,,
EU029675,156485227,,,,A7X3Q9,,,,
EU029676,156485229,A7X3R6,,,,,,,
EU029678,156485233,A7X3S2,,,,,,,
EU029680,156485237,,,,A7X3S8,,,,
EU029681,156485239,,,,A7X3T2,,,,
EU029683,156485243,,,,A7X3U0,,,,
EU029684,156485245,,,,A7X3U4,,,,
EU029686,156485249,A7X3V0,,,,,,,
EU029749,156485583,A7X4Q3,,,,,,,
EU029750,156485585,A7X4R0,,,,,,,
EU029754,156485593,A7X4T2,,,,,,,
EU036636,156485813,A7X6J0,,,,,,,
EU196555,162145663,C1IC47,,,,,,,
EU196556,162145665,C1IC48,,,,,,,
F5CPE2,519882270,F5CPE2,,,,,,,
F5CPE6,519882279,F5CPE6,,,,,,,
F8J2B3,586908191,F8J2B3,,,,,,,
FJ752457,238928319,,,,F8J2D9,,,,
FJ752459,238928323,F8J2E1,,,,,,,
FJ752460,238928325,F8J2E2,,,,,,,
FJ752464,238928333,F8J2E6,,,,,,,
FJ752465,238928335,,,,F8J2E7,,,,
FJ752468,238928341,,,,F8J2F0,,,,
FJ752483,238928371,F8J2G5,,,,,,,
FJ752485,238928375,,,,F8J2G7,,,,
FJ790450,262479329,,,,H8PG61,,,,
FJ790454,262479337,,,,H8PG65,,,,
FJ790456,262479341,,,,H8PG67,,,,
FJ790457,262479343,,,,H8PG68,,,,
FL589810,196120726,,,,,dbEST,,,
FL590511,196121760,,,,,dbEST,,,
FL590644,196120691,,,,,dbEST,,,
FL590763,196121338,,,,,dbEST,,,
FL590874,196121603,,,,,dbEST,,,
FL590938,196120545,,,,,dbEST,,,
FL590954,196120561,,,,,dbEST,,,
FL591005,196120612,,,,,dbEST,,,
FL591177,196121312,,,,,dbEST,,,
FL591203,196121668,,,,,dbEST,,,
GAEP01001951,537445007,,,,U3FYR0,TSA:GAEP01,,,
GAEP01001954,537445000,,,,U3F5E9,TSA:GAEP01,,,
GAEP01002000,537444885,,,,U3FVG5,TSA:GAEP01,,,
GAGZ01000001,476538186,,,,R4G2P6,TSA:GAGZ01,,,
GAGZ01000002,476538184,,,,R4G2D9,TSA:GAGZ01,,,
GAGZ01000003,476538182,,,,R4G7E8,TSA:GAGZ01,,,
GAGZ01000004,476538180,,,,R4FI75,TSA:GAGZ01,,,
GAGZ01000005,476538178,,,,R4FI75,TSA:GAGZ01,,,
GAGZ01000006,476538176,,,,R4FI70,TSA:GAGZ01,,,
GAGZ01000007,476538174,,,,R4G2D8,TSA:GAGZ01,,,
GAGZ01000008,476538172,,,,R4G7E7,TSA:GAGZ01,,,
GAGZ01000009,476538170,,,,R4FI70,TSA:GAGZ01,,,
GAGZ01000010,476538168,,,,R4FI70,TSA:GAGZ01,,,
GAGZ01000011,476538166,,,,R4G2P2,TSA:GAGZ01,,,
GAGZ01000012,476538164,,,,R4G2D7,TSA:GAGZ01,,,
GAHA01000001,476538280,,,,R4FJH6,TSA:GAHA01,,,
GAHA01000002,476538278,,,,R4G2Q9,TSA:GAHA01,,,
GAHA01000003,476538276,,,,R4G2E5,TSA:GAHA01,,,
GAHA01000004,476538274,,,,R4G7F4,TSA:GAHA01,,,
GAHA01000009,476538264,,,,R4G7F3,TSA:GAHA01,,,
GAHA01000012,476538258,,,,R4G2Q5,TSA:GAHA01,,,
GAHA01000013,476538256,,,,R4G2E3,TSA:GAHA01,,,
GAHA01000016,476538250,,,,R4FJG1,TSA:GAHA01,,,
GAHB01000001,476538352,,,,R4G2F2,TSA:GAHB01,,,
GAHB01000005,476538344,,,,R4G2S3,TSA:GAHB01,,,
GAHB01000008,476538338,,,,R4FIB8,TSA:GAHB01,,,
GAHB01000010,476538334,,,,R4G2S0,TSA:GAHB01,,,
GAHB01000013,476538328,,,,R4FIB4,TSA:GAHB01,,,
GAHC01000001,476538395,,,,R4G2T5,TSA:GAHC01,,,
GAHC01000002,476538393,,,,R4G2F6,TSA:GAHC01,,,
GAHC01000003,476538391,,,,R4G7G5,TSA:GAHC01,,,
GAHD01000002,476538459,,,,R4FJQ3,TSA:GAHD01,,,
GAHD01000003,476538457,,,,R4G2U8,TSA:GAHD01,,,
GAHD01000006,476538451,,,,R4G7H1,TSA:GAHD01,,,
GAHE01000007,476538526,,,,R4G2G9,TSA:GAHE01,,,
GAHE01000012,476538516,,,,R4G2G8,TSA:GAHE01,,,
GAHE01000016,476538508,,,,R4G2W0,TSA:GAHE01,,,
GAHE01000017,476538506,,,,R4G2G7,TSA:GAHE01,,,
GAHE01000022,476538496,,,,R4G2G6,TSA:GAHE01,,,
GAHE01000023,476538494,,,,R4G7H5,TSA:GAHE01,,,
GAHE01000025,476538490,,,,R4FJR7,TSA:GAHE01,,,
GAHF01000004,476538618,,,,R4G7I7,TSA:GAHF01,,,
GAHF01000006,476538614,,,,R4FJX3,TSA:GAHF01,,,
GAHF01000008,476538610,,,,R4G2H7,TSA:GAHF01,,,
GAHF01000013,476538600,,,,R4G2H6,TSA:GAHF01,,,
GAHF01000014,476538598,,,,R4G7I5,TSA:GAHF01,,,
GAHG01000001,476539343,,,,R4FIQ0,TSA:GAHG01,,,
GAHG01000002,476539341,,,,R4FK28,TSA:GAHG01,,,
GAHG01000006,476539333,,,,R4FIP4,TSA:GAHG01,,,
GAHH01000002,476539488,,,,R4G2K6,TSA:GAHH01,,,
GAHH01000009,476539474,,,,R4FIW8,TSA:GAHH01,,,
GAHH01000012,476539468,,,,R4G2K2,TSA:GAHH01,,,
GAHH01000015,476539462,,,,R4FKC0,TSA:GAHH01,,,
GAHH01000017,476539458,,,,R4G2K1,TSA:GAHH01,,,
GAHH01000021,476539450,,,,R4G330,TSA:GAHH01,,,
GAHH01000022,476539448,,,,R4G2J9,TSA:GAHH01,,,
GAHH01000024,476539444,,,,R4FIV9,TSA:GAHH01,,,
GAHH01000027,476539438,,,,R4G2J7,TSA:GAHH01,,,
GAHH01000029,476539434,,,,R4G7K6,TSA:GAHH01,,,
GAHH01000031,476539430,,,,R4G326,TSA:GAHH01,,,
GAHH01000033,476539426,,,,R4G7K5,TSA:GAHH01,,,
GAHH01000035,476539422,,,,R4FK93,TSA:GAHH01,,,
GAHH01000039,476539414,,,,R4FIT5,TSA:GAHH01,,,
GAHH01000040,476539412,,,,R4FK75,TSA:GAHH01,,,
GAHH01000041,476539410,,,,R4G321,TSA:GAHH01,,,
GAHH01000044,476539404,,,,R4FIT0,TSA:GAHH01,,,
GAHH01000045,476539402,,,,R4FK68,TSA:GAHH01,,,
GAHH01000046,476539400,,,,R4G319,TSA:GAHH01,,,
GAHJ01000001,476539602,,,,R4G2M2,TSA:GAHJ01,,,
GAHJ01000004,476539596,,,,R4FKG7,TSA:GAHJ01,,,
GAHJ01000005,476539594,,,,R4G354,TSA:GAHJ01,,,
GAHJ01000006,476539592,,,,R4G2M0,TSA:GAHJ01,,,
GAHJ01000007,476539590,,,,R4G7L9,TSA:GAHJ01,,,
GAHJ01000008,476539588,,,,R4FIZ6,TSA:GAHJ01,,,
GAHJ01000009,476539586,,,,R4FKG3,TSA:GAHJ01,,,
GAHJ01000010,476539584,,,,R4G352,TSA:GAHJ01,,,
GAHJ01000013,476539578,,,,R4FIZ2,TSA:GAHJ01,,,
GAME01026808,673429475,,,,,TSA:GAME01,,,
GAME01039965,673416318,,,,,TSA:GAME01,,,
GAMF01005539,673398619,,,,,TSA:GAMF01,,,
GAMF01035612,673368030,,,,,TSA:GAMF01,,,
GAMF01040875,673362767,,,,,TSA:GAMF01,,,
GAMF01047773,673355869,,,,,TSA:GAMF01,,,
GAMF01050194,673353448,,,,,TSA:GAMF01,,,
GBIA01000031,698375397,,,,A0A098LWV3,TSA:GBIA01,,,
GBIA01000039,698375373,,,,A0A098LYB1,TSA:GBIA01,,,
GBIA01000041,698375367,,,,A0A098LWU4,TSA:GBIA01,,,
GBIB01000031,698375562,,,,A0A098LYI5,TSA:GBIB01,,,
GBIC01000038,698375238,,,,A0A098LY55,TSA:GBIC01,,,
GBIC01000039,698375235,,,,A0A098LY61,TSA:GBIC01,,,
GDAD01000062,837773432,,,,,TSA:GDAD01,,,
GDAD01000072,837773405,,,,,TSA:GDAD01,,,
GDAD01000079,837773386,,,,,TSA:GDAD01,,,
GDAD01000185,837773090,,,,,TSA:GDAD01,,,
GDAD01000187,837773084,,,,,TSA:GDAD01,,,
GDAD01001328,837769720,,,,,TSA:GDAD01,,,
GDBF01000009,1041578562,,,,U3FVH6,TSA:GDBF01,,,
GDBF01000020,1041578540,,,,A0A0F7Z039,TSA:GDBF01,,,
GDBH01000013,1041578849,,,,A0A194APH5,TSA:GDBH01,,,
GDBH01000030,1041578815,,,,A0A194ASE3,TSA:GDBH01,,,
GDBH01000031,1041578813,,,,A0A194ARJ0,TSA:GDBH01,,,
GDBH01000033,1041578809,,,,A0A194ARC5,TSA:GDBH01,,,
GDBH01000034,1041578807,,,,A0A194APG0,TSA:GDBH01,,,
GDBH01000045,1041578785,,,,A0A194APF0,TSA:GDBH01,,,
GDKU01029485,,,,,,TSA:GDKU01,,,
GEHL01006907,1034053871,,,,A0A182C5Y1,TSA:GEHL01,,,
GEHL01006908,1034053875,,,,A0A182C5S7,TSA:GEHL01,,,
GEXA01000001,,,,,,TSA:GEXA01,,,
GFHW01000002,1178170285,,,,A0A1W7RBC9,TSA:GFHW01,,,
GFTV01000051,,,,,,TSA:GFTV01,,,
GGIP01000025,,,,,,TSA:GGIP01,,,
GGMJ01000004,,,,,,TSA:GGMJ01,,,
GGMJ01000005,,,,,,TSA:GGMJ01,,,
GGQZ01007816,,,,,,TSA:GGQZ01,,,
GGUA01000001,,,,,A0A481MQM5,TSA:GGUA01,,,
GGUB01000001,,,,,,TSA:GGUB01,,,
GGUE01000001,,,,,,TSA:GGUE01,,,
GGUG01000004,,,,,,TSA:GGUG01,,,
GGUG01000005,,,,,,TSA:GGUG01,,,
GGUG01000006,,,,,,TSA:GGUG01,,,
GGUG01000007,,,,,,TSA:GGUG01,,,
GHOC01000043,,,,,,TSA:GHOC01,,,
GHOC01000120,,,,,,TSA:GHOC01,,,
GHOC01000150,,,,,,TSA:GHOC01,,,
GHOC01000196,,,,,,TSA:GHOC01,,,
GHOC01000373,,,,,,TSA:GHOC01,,,
GHOC01000507,,,,,,TSA:GHOC01,,,
GHOC01000706,,,,,,TSA:GHOC01,,,
GHOC01000728,,,,,,TSA:GHOC01,,,
GHOC01000786,,,,,,TSA:GHOC01,,,
GHOC01000868,,,,,,TSA:GHOC01,,,
GHOC01001195,,,,,,TSA:GHOC01,,,
GHOC01001197,,,,,,TSA:GHOC01,,,
GHOC01001435,,,,,,TSA:GHOC01,,,
GHOC01001452,,,,,,TSA:GHOC01,,,
GHOC01001478,,,,,,TSA:GHOC01,,,
GHOC01001620,,,,,,TSA:GHOC01,,,
GHOC01002299,,,,,,TSA:GHOC01,,,
GHOC01002308,,,,,,TSA:GHOC01,,,
GHOC01002474,,,,,,TSA:GHOC01,,,
GHOC01002482,,,,,,TSA:GHOC01,,,
GHPA01000569,,,,,,TSA:GHPA01,,,
GHPA01000962,,,,,,TSA:GHPA01,,,
GHPA01001858,,,,,,TSA:GHPA01,,,
GHPA01001931,,,,,,TSA:GHPA01,,,
GHPA01002461,,,,,,TSA:GHPA01,,,
GHPA01003912,,,,,,TSA:GHPA01,,,
GHPA01003914,,,,,,TSA:GHPA01,,,
GHPB01001397,,,,,,TSA:GHPB01,,,
GHPB01001432,,,,,,TSA:GHPB01,,,
GHPB01001482,,,,,,TSA:GHPB01,,,
GHPB01001485,,,,,,TSA:GHPB01,,,
GHPB01001718,,,,,,TSA:GHPB01,,,
GHPB01001989,,,,,,TSA:GHPB01,,,
GHPC01000122,,,,,,TSA:GHPC01,,,
GHPC01000299,,,,,,TSA:GHPC01,,,
GHPC01000454,,,,,,TSA:GHPC01,,,
GHPC01000557,,,,,,TSA:GHPC01,,,
GHPC01000716,,,,,,TSA:GHPC01,,,
GHPC01000776,,,,,,TSA:GHPC01,,,
GHPC01000912,,,,,,TSA:GHPC01,,,
GHPC01001205,,,,,,TSA:GHPC01,,,
GHPC01001280,,,,,,TSA:GHPC01,,,
GHPC01001404,,,,,,TSA:GHPC01,,,
GHPC01001434,,,,,,TSA:GHPC01,,,
GHPC01001446,,,,,,TSA:GHPC01,,,
GHPC01001450,,,,,,TSA:GHPC01,,,
GHPC01001497,,,,,,TSA:GHPC01,,,
GHPC01001569,,,,,,TSA:GHPC01,,,
GHPC01001754,,,,,,TSA:GHPC01,,,
GHPC01001797,,,,,,TSA:GHPC01,,,
GHPC01002119,,,,,,TSA:GHPC01,,,
GHPC01002163,,,,,,TSA:GHPC01,,,
GHPC01002196,,,,,,TSA:GHPC01,,,
GHPC01002655,,,,,,TSA:GHPC01,,,
GHPC01002751,,,,,,TSA:GHPC01,,,
GHPC01002805,,,,,,TSA:GHPC01,,,
GHPC01003084,,,,,,TSA:GHPC01,,,
GHPC01003265,,,,,,TSA:GHPC01,,,
GHPC01003542,,,,,,TSA:GHPC01,,,
GHPC01003548,,,,,,TSA:GHPC01,,,
GHRV01000814,,,,,,TSA:GHRV01,,,
GHRV01002244,,,,,,TSA:GHRV01,,,
GHRV01002826,,,,,,TSA:GHRV01,,,
GHUB01014925,,,,,,TSA:GHUB01,,,
GHUB01014927,,,,,,TSA:GHUB01,,,
GHUB01072089,,,,,,TSA:GHUB01,,,
GHUB01143089,,,,,,TSA:GHUB01,,,
GHUO01000001,,,,,A0A646QBR0,TSA:GHUO01,,,
GHUO01000002,,,,,A0A646QDR7,TSA:GHUO01,,,
GIJF01000206,,,,,,TSA:GIJF01,,,
GIJF01000694,,,,,,TSA:GIJF01,,,
GIJF01000822,,,,,,TSA:GIJF01,,,
GIJF01002765,,,,,,TSA:GIJF01,,,
GIJG01001078,,,,,,TSA:GIJG01,,,
GIJG01001188,,,,,,TSA:GIJG01,,,
GIJG01001191,,,,,,TSA:GIJG01,,,
GIJG01001632,,,,,,TSA:GIJG01,,,
GIJH01000740,,,,,,TSA:GIJH01,,,
GIJH01000756,,,,,,TSA:GIJH01,,,
GIJH01001204,,,,,,TSA:GIJH01,,,
GIJI01000015,,,,,,TSA:GIJI01,,,
GIJI01000526,,,,,,TSA:GIJI01,,,
GIJI01001024,,,,,,TSA:GIJI01,,,
GIJI01001285,,,,,,TSA:GIJI01,,,
GIJI01001525,,,,,,TSA:GIJI01,,,
GIJI01001548,,,,,,TSA:GIJI01,,,
GIJI01001829,,,,,,TSA:GIJI01,,,
GIJJ01000770,,,,,,TSA:GIJJ01,,,
GIJJ01001129,,,,,,TSA:GIJJ01,,,
GIJJ01001759,,,,,,TSA:GIJJ01,,,
GIJK01000105,,,,,,TSA:GIJK01,,,
GIJK01000671,,,,,,TSA:GIJK01,,,
GIJK01000704,,,,,,TSA:GIJK01,,,
GIJK01001248,,,,,,TSA:GIJK01,,,
GIJL01000963,,,,,,TSA:GIJL01,,,
GIJL01002105,,,,,,TSA:GIJL01,,,
GIJL01002357,,,,,,TSA:GIJL01,,,
GIJM01000709,,,,,,TSA:GIJM01,,,
GIJM01002726,,,,,,TSA:GIJM01,,,
GIJM01003137,,,,,,TSA:GIJM01,,,
GIJM01003176,,,,,,TSA:GIJM01,,,
GIJM01003193,,,,,,TSA:GIJM01,,,
GIJM01003258,,,,,,TSA:GIJM01,,,
GIJM01003390,,,,,,TSA:GIJM01,,,
GIJM01003678,,,,,,TSA:GIJM01,,,
GIJM01004065,,,,,,TSA:GIJM01,,,
GIJM01004310,,,,,,TSA:GIJM01,,,
GIJM01004954,,,,,,TSA:GIJM01,,,
GIJM01009467,,,,,,TSA:GIJM01,,,
GIJN01002005,,,,,,TSA:GIJN01,,,
GIJO01000037,,,,,,TSA:GIJO01,,,
GIJO01002154,,,,,,TSA:GIJO01,,,
GIJO01002203,,,,,,TSA:GIJO01,,,
GIJO01002391,,,,,,TSA:GIJO01,,,
GIJO01002432,,,,,,TSA:GIJO01,,,
GJFD01001950,,,,,,TSA:GJFD01,,,
GJFV01002407,,,,,,TSA:GJFV01,,,
GJFV01002408,,,,,,TSA:GJFV01,,,
GJFV01002409,,,,,,TSA:GJFV01,,,
GJFV01002410,,,,,,TSA:GJFV01,,,
GJFV01002418,,,,,,TSA:GJFV01,,,
GJFV01002419,,,,,,TSA:GJFV01,,,
GJFV01002420,,,,,,TSA:GJFV01,,,
GJFV01002421,,,,,,TSA:GJFV01,,,
GJFV01002438,,,,,,TSA:GJFV01,,,
GU190791,294961039,,,,D5J9P0,,,,
GU190793,294961043,,,,D5J9P2,,,,
GU190794,294961045,,,,D5J9P3,,,,
GU190795,294961047,,,,D5J9P4,,,,
GU190797,294961051,,,,D5J9P6,,,,
GU190802,294961061,,,,D5J9Q1,,,,
GU190804,294961065,,,,D5J9Q3,,,,
HM446247,334854585,,,,F8QZ63,,,,
IACI01006908,1287284429,,IACI01006908,,,,,,
IACI01031826,1287246475,,IACI01031826,,,,,,
IACI01040496,1287230081,,IACI01040496,,,,,,
IACI01044503,1287222447,,IACI01044503,,,,,,
IACI01044558,1287222391,,IACI01044558,,,,,,
IACI01044597,1287222352,,IACI01044597,,,,,,
IACI01044606,1287222343,,IACI01044606,,,,,,
IACI01069956,1287181144,,IACI01069956,,,,,,
IACI01080067,1287159166,,IACI01080067,,,,,,
IACI01104478,1287121630,,IACI01104478,,,,,,
IACI01115070,1287104403,,IACI01115070,,,,,,
IACJ01025613,1291869442,,IACJ01025613,,A0A2D4ET78,,,,
IACJ01038600,1291855721,,IACJ01038600,,,,,,
IACJ01038601,1291855720,,IACJ01038601,,,,,,
IACJ01051156,1291842337,,IACJ01051156,,,,,,
IACJ01060045,1291822417,,IACJ01060045,,,,,,
IACJ01060046,1291822415,,IACJ01060046,,,,,,
IACJ01062266,1291817759,,IACJ01062266,,,,,,
IACJ01062270,1291817752,,IACJ01062270,,,,,,
IACJ01062272,1291817748,,IACJ01062272,,,,,,
IACJ01062273,1291817746,,IACJ01062273,,,,,,
IACJ01062274,1291817744,,IACJ01062274,,,,,,
IACJ01078504,1291783781,,IACJ01078504,,,,,,
IACJ01079596,1291781418,,IACJ01079596,,,,,,
IACJ01079854,1291780861,,IACJ01079854,,,,,,
IACJ01115251,1291724495,,IACJ01115251,,,,,,
IACJ01122327,1291709120,,IACJ01122327,,,,,,
IACJ01122328,1291709118,,IACJ01122328,,,,,,
IACJ01122330,1291709114,,IACJ01122330,,,,,,
IACJ01130835,1291691733,,IACJ01130835,,,,,,
IACJ01130836,1291691731,,IACJ01130836,,,,,,
IACJ01130841,1291691721,,IACJ01130841,,,,,,
IACJ01133145,1291686897,,IACJ01133145,,,,,,
IACJ01138867,1291674694,,IACJ01138867,,,,,,
IACJ01147547,1291656462,,IACJ01147547,,,,,,
IACJ01155703,1291639376,,IACJ01155703,,,,,,
IACJ01157475,1291635516,,IACJ01157475,,,,,,
IACK01013110,1301537976,,IACK01013110,,,,,,
IACK01022837,1301517699,,IACK01022837,,,,,,
IACK01022838,1301517697,,IACK01022838,,,,,,
IACK01034484,1301493629,,IACK01034484,,,,,,
IACK01034485,1301493627,,IACK01034485,,,,,,
IACK01096229,1301365431,,IACK01096229,,,,,,
IACK01096260,1301365400,,IACK01096260,,,,,,
IACK01096271,1301365389,,IACK01096271,,,,,,
IACK01096289,1301365371,,IACK01096289,,,,,,
IACK01096291,1301365369,,IACK01096291,,,,,,
IACK01096292,1301365368,,IACK01096292,,,,,,
IACK01096298,1301365362,,IACK01096298,,,,,,
IACK01096299,1301365361,,IACK01096299,,,,,,
IACK01116619,1301333930,,IACK01116619,,,,,,
IACK01122846,1301320021,,IACK01122846,,,,,,
IACK01123615,1301318447,,IACK01123615,,,,,,
IACK01125772,1301313970,,IACK01125772,,,,,,
IACK01129042,1301307785,,IACK01129042,,,,,,
IACK01137971,1301288993,,IACK01137971,,,,,,
IACK01153326,1301256783,,IACK01153326,,,,,,
IACK01170438,1301225134,,IACK01170438,,,,,,
IACK01171799,1301223719,,IACK01171799,,,,,,
IACK01179260,1301214261,,IACK01179260,,,,,,
IACK01184724,1301202492,,IACK01184724,,,,,,
IACK01193830,1301183905,,IACK01193830,,,,,,
IACK01196011,1301179478,,IACK01196011,,,,,,
IACK01212632,1301159906,,IACK01212632,,,,,,
IACK01227912,1301144116,,IACK01227912,,,,,,
IACK01227913,1301144115,,IACK01227913,,,,,,
IACK01242084,1301126052,,IACK01242084,,,,,,
IACK01242085,1301126050,,IACK01242085,,,,,,
IACM01022253,1573564375,,IACM01022253,,,,,,
IACM01022255,1573564371,,IACM01022255,,,,,,
IACM01029668,1573549926,,IACM01029668,,,,,,
IACM01029686,1573549907,,IACM01029686,,,,,,
IACM01029730,1573549861,,IACM01029730,,,,,,
IACM01029752,1573549839,,IACM01029752,,,,,,
IACM01086450,1573468947,,IACM01086450,,,,,,
IACM01088188,1573467008,,IACM01088188,,,,,,
IACM01092118,1573462671,,IACM01092118,,,,,,
IACM01115014,1573437297,,IACM01115014,,,,,,
IACM01128650,1573422355,,IACM01128650,,,,,,
IACM01130693,1573420174,,IACM01130693,,,,,,
IACM01148308,1573396003,,IACM01148308,,,,,,
IACM01149051,1573395211,,IACM01149051,,,,,,
IACM01149052,1573395210,,IACM01149052,,,,,,
IACM01156860,1573379910,,IACM01156860,,,,,,
IACM01172481,1573363019,,IACM01172481,,,,,,
IACM01174987,1573360303,,IACM01174987,,,,,,
IACN01003279,1573232649,,IACN01003279,,,,,,
IACN01019456,1573214847,,IACN01019456,,,,,,
IACN01019457,1573214846,,IACN01019457,,,,,,
IACN01037374,1573195717,,IACN01037374,,,,,,
IACN01037379,1573195712,,IACN01037379,,,,,,
IACN01048942,1573182647,,IACN01048942,,,,,,
IACN01048954,1573182635,,IACN01048954,,,,,,
IACN01048964,1573182625,,IACN01048964,,,,,,
IACN01064319,1573165039,,IACN01064319,,A0A2D4PD59,,,,
IACN01070774,1573157835,,IACN01070774,,,,,,
IACN01070775,1573157834,,IACN01070775,,,,,,
IACN01070777,1573157832,,IACN01070777,,,,,,
IACN01070786,1573157823,,IACN01070786,,,,,,
IACN01077346,1573150596,,IACN01077346,,,,,,
IACN01080103,1573147610,,IACN01080103,,,,,,
IACN01083611,1573143710,,IACN01083611,,,,,,
IACN01083613,1573143708,,IACN01083613,,,,,,
IACN01083857,1573143441,,IACN01083857,,,,,,
IACN01083858,1573143440,,IACN01083858,,,,,,
IACN01083864,1573143434,,IACN01083864,,,,,,
IACN01093897,1573100741,,IACN01093897,,,,,,
IACN01095837,1573098626,,IACN01095837,,,,,,
IACN01099285,1573094899,,IACN01099285,,,,,,
IACN01100666,1573093383,,IACN01100666,,,,,,
IACN01100674,1573093375,,IACN01100674,,,,,,
IACN01111607,1573081427,,IACN01111607,,,,,,
IACN01111608,1573081426,,IACN01111608,,,,,,
JG743131,327507475,,,,,dbEST,,,
JG743238,327507582,,,,,dbEST,,,
JG743269,327506667,,,,,dbEST,,,
JG743299,327506697,,,,,dbEST,,,
JG743498,327506896,,,,,dbEST,,,
JG743547,327506945,,,,,dbEST,,,
JG743557,327506955,,,,,dbEST,,,
JG743646,327507044,,,,,dbEST,,,
JG743753,327507151,,,,,dbEST,,,
JG743762,327507160,,,,,dbEST,,,
JG743796,327507194,,,,,dbEST,,,
JG743827,327507225,,,,,dbEST,,,
JG743918,327507316,,,,,dbEST,,,
JG743944,327507342,,,,,dbEST,,,
JG744005,327507403,,,,,dbEST,,,
JK264299,345194513,,,,,dbEST,,,
JQ247016,408683176,K9MCX0,,,,,,,
JX467122,478414790,,,,M9T1L2,bpid:PRJNA189575,,,
JX467124,478414794,,,,M9SZR1,bpid:PRJNA189580,,,
JZ904769,1013070679,,,,,dbEST,,,
JZ904898,1013070808,,,,,dbEST,,,
JZ904948,1013070858,,,,,dbEST,,,
KC862258,478415061,,,,M9T2J4,,,,
KJ477098,630870085,,,,A0A024AYC2,,,,
KJ495734,630870196,,,,A0A024AXD8,,,,
KP636956,833662068,,,,A0A0G3YJD1,,,,
KP670451,852380455,,,,A0A0H4BKI7,,,,
KP670453,852380463,,,,A0A0H4BLY9,,,,
KP670454,852380467,,,,A0A0H4BJD1,,,,
KP670464,852380508,,,,A0A0H4BJD8,,,,
KP686078,859131353,,,,A0A0H4J512,,,,
KP686082,859131547,,,,A0A0H4IRA8,,,,
KP686088,859131821,,,,A0A0H4J521,,,,
KU666924,1039726060,,,,A0A193CHK9,,,,
KU666926,1039726064,,,,A0A193CHL5,,,,
KU666927,1039726066,,,,A0A193CHL1,,,,
KU666933,1039726078,,,,A0A193CHL7,,,,
KU666934,1039726080,,,,A0A193CHL8,,,,
KU666935,1039726082,,,,A0A193CHM4,,,,
KU666936,1039726084,,,,A0A193CHM5,,,,
KU666937,1039726086,,,,A0A193CHM1,,,,
KY635901,1352195546,A0A2P1BST7,,,,,,,
KY635902,1352195604,A0A2P1BSS9,,,,,,,
KY635903,1352195861,A0A2P1BSU3,,,,,,,
KY635904,1352196096,A0A2P1BSS8,,,,,,,
MH233023,1446208348,,,,A0A346CLY6,,,,
MH233024,1446208350,,,,A0A346CLY7,,,,
MH233025,1446208352,,,,A0A346CLY8,,,,
MH233028,1446208358,,,,A0A346CLZ1,,,,
MH233045,1446208392,,,,A0A346CM08,,,,
MH233062,1446208453,,,,A0A346CM25,,,,
MH233088,1446201929,,,,A0A346CI88,,,,
MH233089,1446201931,,,,A0A346CI89,,,,
MH233109,1446201972,,,,A0A346CIA9,,,,
MH233111,1446201976,,,,A0A346CIB1,,,,
MH233116,1446201989,,,,A0A346CIB6,,,,
MH233117,1446201991,,,,A0A346CIB7,,,,
MW575015,1996370514,,,,A0A898IJN7,,,,
MW575017,1996370518,,,,A0A898IKH0,,,,
MW575018,1996370520,,,,A0A898IMX4,,,,
MW575019,1996370522,,,,A0A898ILD4,,,,
MW575021,1996370526,,,,A0A898IPF7,,,,
MW575022,1996370528,,,,A0A898INK0,,,,
MW575023,1996370530,,,,A0A898IMW8,,,,
MW575033,1996370550,,,,A0A898IN07,,,,
MW575040,1996370564,,,,A0A898IPN2,,,,
MW575043,1996370570,,,,A0A898IN21,,,,
MW575045,1996370574,,,,A0A898IJZ2,,,,
MW575049,1996370582,,,,A0A898ILL6,,,,
MW575050,1996370584,,,,A0A898IPN4,,,,
MW575051,1996370586,,,,A0A898IPK1,,,,
MW575053,1996370590,,,,A0A898IN41,,,,
MW575054,1996370592,,,,A0A898IN63,,,,
MW575055,1996370594,,,,A0A898IK11,,,,
MW575056,1996370596,,,,A0A898IL54,,,,
MW575061,1996370606,,,,A0A898IPK7,,,,
MW575062,1996370608,,,,A0A898INM6,,,,
MW575063,1996370610,,,,A0A898IN56,,,,
MW575065,1996370614,,,,A0A898IK81,,,,
MW575067,1996370618,,,,A0A898IKZ4,,,,
MW575069,1996370622,,,,A0A898ILQ5,,,,
MW575070,1996370624,,,,A0A898IPP1,,,,
MW575071,1996370626,,,,A0A898IPL1,,,,
MW575075,1996370634,,,,A0A898IKB4,,,,
MW575076,1996370636,,,,A0A898IL83,,,,
MW575077,1996370638,,,,A0A898IL31,,,,
MW575080,1996370644,,,,A0A898IPP4,,,,
MW575081,1996370646,,,,A0A898IPM2,,,,
NC_045548,1799127152,,,,,NCBI_GENOMES,GPC_000005877,NC_045548,
NP_001039535,114051580,,,,Q1RMM2,,,NP_001039535,
NP_001124018,194474092,,,,D4A6F2,,,NP_001124018,
NP_001124023,194474066,,,,D3ZUR5,,,NP_001124023,
NP_002337,4505049,Q16553,,,,,,NP_002337,
NP_080947,110625683,Q9DD23,,,,,,NP_080947,
NP_803253,29294643,P0DP57,,,,,,NP_803253,
NP_803430,29294645,P0DP58,,,,,,NP_803430,
NP_991108,45387925,Q6UXB3,,,F1T0L0,,,NP_991108,
NW_006541926,588463551,,,,,ASM:GCF_000186315,GPS_003473982,NW_006541926,
NW_006543148,588462329,,,,,ASM:GCF_000186315,GPS_003475204,NW_006543148,
NW_023011746,1841388777,,,,,ASM:GCF_001185375,GPS_019777547,NW_023011746,
NW_023031289,1841365406,,,,,ASM:GCF_001185375,GPS_019797090,NW_023031289,
NW_023032262,1841364388,,,,,ASM:GCF_001185375,GPS_019798063,NW_023032262,
OL366256,2205501330,,,,,,,,
OL366257,2205501332,,,,,,,,
OL366259,2205501336,,,,,,,,
OL366260,2205501338,,,,,,,,
OL366261,2205501340,,,,,,,,
OL366262,2205501342,,,,,,,,
OL366263,2205501344,,,,,,,,
OL366266,2205501350,,,,,,,,
OL366269,2205501356,,,,,,,,
OL366270,2205501358,,,,,,,,
OL366271,2205501360,,,,,,,,
OL366274,2205501366,,,,,,,,
OL439254,2205501368,,,,,,,,
OL439256,2205501372,,,,,,,,
OL439257,2205501374,,,,,,,,
OL439258,2205501376,,,,,,,,
OL439259,2205501378,,,,,,,,
OL439261,2205501382,,,,,,,,
OL439262,2205501384,,,,,,,,
OL439263,2205501386,,,,,,,,
OL439402,2205501812,,,,,,,,
OL439441,2205502116,,,,,,,,
P01381,128937,P01381,,,,,,,
P01382,128934,P01382,,,,,,,
P01383,128931,P01383,,,,,,,
P01385,128920,P01385,,,,,,,
P01386,128944,P01386,,,,,,,
P01387,128936,P01387,,,,,,,
P01388,128942,P01388,,,,,,,
P01389,128928,P01389,,,,,,,
P01390,128933,P01390,,,,,,,
P01391,128930,P01391,,,,,,,
P01434,128956,P01434,,,,,,,
P0DQQ2,2055117366,P0DQQ2,,,,,,,
P13495,128953,P13495,,,,,,,
P25668,128932,P25668,,,,,,,
P25669,128943,P25669,,,,,,,
P25670,128921,P25670,,,,,,,
P25671,128947,P25671,,,,,,,
P25672,128950,P25672,,,,,,,
P25673,128952,P25673,,,,,,,
P25674,128929,P25674,,,,,,,
P34073,464289,P34073,,,,,,,
P34074,52001477,P34074,,,,,,,
P80156,128951,P80156,,,,,,,
P80965,2500806,P80965,,,,,,,
P86096,229891309,P86096,,,,,,,
QSI83924,1996370525,,,,A0A898IPM8,,,,
QSI83929,1996370535,,,,A0A898IJU7,,,,
QSI83932,1996370541,,,,A0A898IMZ3,,,,
QSI83934,1996370545,,,,A0A898IPN0,,,,
QSI83945,1996370567,,,,A0A898IPI9,,,,
QSI83952,1996370581,,,,A0A898IN70,,,,
QSI83956,1996370589,,,,A0A898INM0,,,,
QSI83963,1996370603,,,,A0A898ILP2,,,,
QSI83970,1996370617,,,,A0A898IL68,,,,
QSI83972,1996370621,,,,A0A898IN96,,,,
QSI83983,1996370643,,,,A0A898ILU1,,,,
X13372,62409,P19960,,,,,,,X13372
X91990,3355326,P60615,,,,,,,X91990
XM_015823117,1002599142,,,,,,,XM_015823117,
XM_015823118,1002599144,,,,,,,XM_015823118,
XM_015823122,1002599150,,,,,,,XM_015823122,
XM_026686981,1487356364,,,,A0A6J1VI58,,,XM_026686981,
XM_026705738,1488358108,,,,,,,XM_026705738,
XM_026716000,1488383627,,,,,,,XM_026716000,
XM_032222338,1804014664,,,,,,,XM_032222338,
XM_032222340,1804014667,,,,,,,XM_032222340,
XM_032222341,1804014669,,,,,,,XM_032222341,
XM_032222342,1804014671,,,,,,,XM_032222342,
XM_032222344,1804014675,,,,,,,XM_032222344,
XM_032222345,1804014678,,,,,,,XM_032222345,
XM_032222667,1804015384,,,,,,,XM_032222667,
XM_032222748,1804015553,,,,,,,XM_032222748,
XM_034419924,1841898001,,,,A0A6P9C7G6,,,XM_034419924,
XM_034419927,1841898007,,,,A0A6P9BW18,,,XM_034419927,
XM_034420112,1841898342,,,,A0A098LYH6,,,XM_034420112,
XM_034420113,1841898344,,,,A0A098LYG6,,,XM_034420113,
XM_034420114,1841898346,,,,A0A6P9C806,,,XM_034420114,
XM_034420115,1841898348,,,,A0A6P9C8Z9,,,XM_034420115,
XM_039332036,1974317745,,,,,,,XM_039332036,
XM_039332037,1974317748,,,,,,,XM_039332037,
XM_039332038,1974317752,,,,,,,XM_039332038,
XP_003223972,327278444,,,,R4G9L9,,,XP_003223972,
XP_003223979,327278458,,,,A0A803SUY0,,,XP_003223979,
XP_004580911,504136892,,,,,,,XP_004580911,
XP_005897669,555971315,,,,L8IFN6,,,XP_005897669,
XP_006152157,562846521,,,,L9KKE9,,,XP_006152157,
XP_006152158,562846523,,,,L9KKZ9,,,XP_006152158,
XP_006830798,586445202,,,,A0A6I9IW86,,,XP_006830798,
XP_009934706,700388947,,,,,,,XP_009934706,
XP_009973830,701344349,,,,,,,XP_009973830,
XP_016818891,1032922651,,,,A0A8C2M0U9,,,XP_016818891,
XP_023104058,1304962424,,,,,,,XP_023104058,
XP_026919554,1511990737,,,,A0A6J1ZSG1,,,XP_026919554,
XP_027687411,1561650393,,,,,,,XP_027687411,
XP_030122657,1720746908,,,,,,,XP_030122657,
XP_038616497,1952371841,,,,,,,XP_038616497,
XP_040521138,2024473328,,,,,,,XP_040521138,
XP_044309207,2118031427,,,,,,,XP_044309207,
XP_045836073,2181270248,,,,,,,XP_045836073,
XR_004255865,1804015394,,,,,,,XR_004255865,
XR_005555300,1974317750,,,,,,,XR_005555300,
XR_005555302,1974317754,,,,,,,XR_005555302,
XR_005555304,1974317756,,,,,,,XR_005555304,
XR_005557461,1974192829,,,,,,,XR_005557461,
XR_005557464,1974192856,,,,,,,XR_005557464,
Y17057,5689595,P60616,,,,,,,Y17057
Y17058,5689597,P60615,,,,,,,Y17058
